INSERT INTO "public"."auth_project" ("project_id", "project_name", "project_code", "project_url", "status", "manage", "app_id", "app_secret", "token_failure", "token_gain_max_num", "voucher", "remark", "create_date", "create_user_id", "create_user_name", "update_date", "update_user_id", "update_user_name", "delete_flag") VALUES ('9f0a8dc868c1da3383491306a497fb1c', '周汇通', 'weekFlow', 'http://kpopen.cn/weekFlow/', 1, 1, '273f027cfd8e4186a3ecfa80e5272726', 'ZTDAD6GWA533AMEE9LUGLPIRMHBORSEIQAC1TQ1EIP7HII2R337AR82PUEE8', 12, 100, '$2a$10$5L.QBBhdstN2VfSNXn0Au.yPWFhTcVGlBT4LYwEfKZ9faCPazgh9W', NULL, '2025-11-27 15:29:33', '72b7624ee7c21868ba1b7668cf907a2f', '超级管理员', '2025-11-27 15:29:33', '72b7624ee7c21868ba1b7668cf907a2f', '超级管理员', 0);


INSERT INTO "public"."auth_role_project_relevance" ("arpr_id", "project_id", "role_id", "remark", "create_date", "create_user_id", "create_user_name", "update_date", "update_user_id", "update_user_name", "delete_flag") VALUES ('315aa21bfff7573d0fd14162854a0a25', '9f0a8dc868c1da3383491306a497fb1c', '36d8a9938202c43c0f20012d03ab6d9f', NULL, '2025-11-27 15:53:33', '72b7624ee7c21868ba1b7668cf907a2f', '超级管理员', '2025-11-27 15:53:33', '72b7624ee7c21868ba1b7668cf907a2f', '超级管理员', 0);
INSERT INTO "public"."auth_role_project_relevance" ("arpr_id", "project_id", "role_id", "remark", "create_date", "create_user_id", "create_user_name", "update_date", "update_user_id", "update_user_name", "delete_flag") VALUES ('577f00d855066e7f7fb135e4ed2714e4', '9f0a8dc868c1da3383491306a497fb1c', '89a7608570d84b752e30910b8a9aac44', NULL, '2025-11-27 15:53:44', '72b7624ee7c21868ba1b7668cf907a2f', '超级管理员', '2025-11-27 15:53:44', '72b7624ee7c21868ba1b7668cf907a2f', '超级管理员', 0);
INSERT INTO "public"."auth_role_project_relevance" ("arpr_id", "project_id", "role_id", "remark", "create_date", "create_user_id", "create_user_name", "update_date", "update_user_id", "update_user_name", "delete_flag") VALUES ('84d0ce674d46e85cf87f685bbf2eadc1', '9f0a8dc868c1da3383491306a497fb1c', '09eec3781608feb8c089333f8ea32400', NULL, '2025-11-27 15:54:07', '72b7624ee7c21868ba1b7668cf907a2f', '超级管理员', '2025-11-27 15:54:07', '72b7624ee7c21868ba1b7668cf907a2f', '超级管理员', 0);


INSERT INTO "public"."auth_dict_type" ("dict_type_id", "dict_name", "dict_type", "status", "create_date", "create_user_id", "create_user_name", "update_date", "update_user_id", "update_user_name", "delete_flag", "remark") VALUES ('3a5ea95717d117924f462b49c46b7f0b', '月计划来源', 'monthly_plan_source', 1, '2025-11-28 13:42:18', '72b7624ee7c21868ba1b7668cf907a2f', 'admin1', '2025-11-28 13:42:18', '72b7624ee7c21868ba1b7668cf907a2f', 'admin1', 0, '月计划中的数据来源');


INSERT INTO "public"."auth_dict_type_project" ("adtp_id", "dict_type_id", "project_id", "remark", "create_date", "create_user_id", "create_user_name", "update_date", "update_user_id", "update_user_name", "delete_flag") VALUES ('259300144f54d8c67afef53dca334466', '3a5ea95717d117924f462b49c46b7f0b', '9f0a8dc868c1da3383491306a497fb1c', NULL, '2025-11-28 13:42:18', '72b7624ee7c21868ba1b7668cf907a2f', 'admin1', '2025-11-28 13:42:18', '72b7624ee7c21868ba1b7668cf907a2f', 'admin1', 0);


INSERT INTO "public"."auth_dict_data" ("dict_data_id", "dict_type_id", "sort", "label", "value", "selected", "status", "create_date", "create_user_id", "create_user_name", "update_date", "update_user_id", "update_user_name", "delete_flag", "remark") VALUES ('08cc4f4cc9d9cafaae294453dcc69093', '3a5ea95717d117924f462b49c46b7f0b', 2, '领导交办任务', '领导交办任务', 0, 1, '2025-11-28 13:47:33', '72b7624ee7c21868ba1b7668cf907a2f', 'admin1', '2025-11-28 13:47:33', '72b7624ee7c21868ba1b7668cf907a2f', 'admin1', 0, NULL);
INSERT INTO "public"."auth_dict_data" ("dict_data_id", "dict_type_id", "sort", "label", "value", "selected", "status", "create_date", "create_user_id", "create_user_name", "update_date", "update_user_id", "update_user_name", "delete_flag", "remark") VALUES ('266a8270fec8a8ffce32ff4d80742547', '3a5ea95717d117924f462b49c46b7f0b', 1, '会议纪要', '会议纪要', 0, 1, '2025-11-28 13:47:39', '72b7624ee7c21868ba1b7668cf907a2f', 'admin1', '2025-11-28 13:47:39', '72b7624ee7c21868ba1b7668cf907a2f', 'admin1', 0, NULL);
INSERT INTO "public"."auth_dict_data" ("dict_data_id", "dict_type_id", "sort", "label", "value", "selected", "status", "create_date", "create_user_id", "create_user_name", "update_date", "update_user_id", "update_user_name", "delete_flag", "remark") VALUES ('2fedc7ca6a30df839d445090321fa27e', '3a5ea95717d117924f462b49c46b7f0b', 4, '未完成任务跟进', '未完成任务跟进', 0, 1, '2025-11-28 13:48:21', '72b7624ee7c21868ba1b7668cf907a2f', 'admin1', '2025-11-28 13:48:21', '72b7624ee7c21868ba1b7668cf907a2f', 'admin1', 0, NULL);
INSERT INTO "public"."auth_dict_data" ("dict_data_id", "dict_type_id", "sort", "label", "value", "selected", "status", "create_date", "create_user_id", "create_user_name", "update_date", "update_user_id", "update_user_name", "delete_flag", "remark") VALUES ('3e586bc7a05d5f13b8dae22f40dbd41a', '3a5ea95717d117924f462b49c46b7f0b', 11, '制度/流程规定', '制度/流程规定', 0, 1, '2025-11-28 13:48:08', '72b7624ee7c21868ba1b7668cf907a2f', 'admin1', '2025-11-28 13:48:08', '72b7624ee7c21868ba1b7668cf907a2f', 'admin1', 0, NULL);
INSERT INTO "public"."auth_dict_data" ("dict_data_id", "dict_type_id", "sort", "label", "value", "selected", "status", "create_date", "create_user_id", "create_user_name", "update_date", "update_user_id", "update_user_name", "delete_flag", "remark") VALUES ('44f5363d84d5056814fa9a5959a3516f', '3a5ea95717d117924f462b49c46b7f0b', 6, '突发应急事件', '突发应急事件', 0, 1, '2025-11-28 13:48:34', '72b7624ee7c21868ba1b7668cf907a2f', 'admin1', '2025-11-28 13:48:34', '72b7624ee7c21868ba1b7668cf907a2f', 'admin1', 0, NULL);
INSERT INTO "public"."auth_dict_data" ("dict_data_id", "dict_type_id", "sort", "label", "value", "selected", "status", "create_date", "create_user_id", "create_user_name", "update_date", "update_user_id", "update_user_name", "delete_flag", "remark") VALUES ('4e15f9385e6568d1533ccf798ab110fb', '3a5ea95717d117924f462b49c46b7f0b', 7, '用户反馈', '用户反馈', 0, 1, '2025-11-28 13:48:15', '72b7624ee7c21868ba1b7668cf907a2f', 'admin1', '2025-11-28 13:48:15', '72b7624ee7c21868ba1b7668cf907a2f', 'admin1', 0, NULL);
INSERT INTO "public"."auth_dict_data" ("dict_data_id", "dict_type_id", "sort", "label", "value", "selected", "status", "create_date", "create_user_id", "create_user_name", "update_date", "update_user_id", "update_user_name", "delete_flag", "remark") VALUES ('8233c7813d7324bebf6208c24cfd384a', '3a5ea95717d117924f462b49c46b7f0b', 8, '规划分解', '规划分解', 0, 1, '2025-11-28 13:47:15', '72b7624ee7c21868ba1b7668cf907a2f', 'admin1', '2025-11-28 13:47:15', '72b7624ee7c21868ba1b7668cf907a2f', 'admin1', 0, NULL);
INSERT INTO "public"."auth_dict_data" ("dict_data_id", "dict_type_id", "sort", "label", "value", "selected", "status", "create_date", "create_user_id", "create_user_name", "update_date", "update_user_id", "update_user_name", "delete_flag", "remark") VALUES ('891f47af5ab80f9ed9f97f8cab6c72ed', '3a5ea95717d117924f462b49c46b7f0b', 10, '创新试点项目', '创新试点项目', 0, 1, '2025-11-28 13:47:49', '72b7624ee7c21868ba1b7668cf907a2f', 'admin1', '2025-11-28 13:47:49', '72b7624ee7c21868ba1b7668cf907a2f', 'admin1', 0, NULL);
INSERT INTO "public"."auth_dict_data" ("dict_data_id", "dict_type_id", "sort", "label", "value", "selected", "status", "create_date", "create_user_id", "create_user_name", "update_date", "update_user_id", "update_user_name", "delete_flag", "remark") VALUES ('8f6734b82725dc6a768f2f3065400b62', '3a5ea95717d117924f462b49c46b7f0b', 12, '政策响应', '政策响应', 0, 1, '2025-11-28 13:47:44', '72b7624ee7c21868ba1b7668cf907a2f', 'admin1', '2025-11-28 13:47:44', '72b7624ee7c21868ba1b7668cf907a2f', 'admin1', 0, NULL);
INSERT INTO "public"."auth_dict_data" ("dict_data_id", "dict_type_id", "sort", "label", "value", "selected", "status", "create_date", "create_user_id", "create_user_name", "update_date", "update_user_id", "update_user_name", "delete_flag", "remark") VALUES ('a83632ea70515df5f2fa94ad7bc89792', '3a5ea95717d117924f462b49c46b7f0b', 3, '团队自主规划', '团队自主规划', 0, 1, '2025-11-28 13:48:01', '72b7624ee7c21868ba1b7668cf907a2f', 'admin1', '2025-11-28 13:48:01', '72b7624ee7c21868ba1b7668cf907a2f', 'admin1', 0, NULL);
INSERT INTO "public"."auth_dict_data" ("dict_data_id", "dict_type_id", "sort", "label", "value", "selected", "status", "create_date", "create_user_id", "create_user_name", "update_date", "update_user_id", "update_user_name", "delete_flag", "remark") VALUES ('c62c07c9c5d2ff9eee726ccd2726613a', '3a5ea95717d117924f462b49c46b7f0b', 13, '其他', '其他', 0, 1, '2025-11-28 13:48:41', '72b7624ee7c21868ba1b7668cf907a2f', 'admin1', '2025-11-28 13:48:41', '72b7624ee7c21868ba1b7668cf907a2f', 'admin1', 0, NULL);
INSERT INTO "public"."auth_dict_data" ("dict_data_id", "dict_type_id", "sort", "label", "value", "selected", "status", "create_date", "create_user_id", "create_user_name", "update_date", "update_user_id", "update_user_name", "delete_flag", "remark") VALUES ('e3e0d9659f1ff89d7f333be8cc037051', '3a5ea95717d117924f462b49c46b7f0b', 9, '运营需求', '运营需求', 0, 1, '2025-11-28 13:47:56', '72b7624ee7c21868ba1b7668cf907a2f', 'admin1', '2025-11-28 13:47:56', '72b7624ee7c21868ba1b7668cf907a2f', 'admin1', 0, NULL);
INSERT INTO "public"."auth_dict_data" ("dict_data_id", "dict_type_id", "sort", "label", "value", "selected", "status", "create_date", "create_user_id", "create_user_name", "update_date", "update_user_id", "update_user_name", "delete_flag", "remark") VALUES ('f85d4cdf8be7bb406b6e6cf6ddb39b38', '3a5ea95717d117924f462b49c46b7f0b', 5, '风险预警与应对', '风险预警与应对', 0, 1, '2025-11-28 13:48:27', '72b7624ee7c21868ba1b7668cf907a2f', 'admin1', '2025-11-28 13:48:27', '72b7624ee7c21868ba1b7668cf907a2f', 'admin1', 0, NULL);


INSERT INTO "public"."auth_menu" ("menu_id", "parent_id", "project_id", "ancestors", "menu_name", "route_name", "route_path", "route_component", "sort", "frame_status", "menu_type", "perms", "icon", "visible", "is_enable", "is_cache", "remark", "create_date", "create_user_id", "create_user_name", "update_date", "update_user_id", "update_user_name", "delete_flag") VALUES ('01e4ea665b50e1be5acaaf583c1b730e', '261ede37298734281fb208f49ae04727', '9f0a8dc868c1da3383491306a497fb1c', '0,261ede37298734281fb208f49ae04727', '废弃周计划', NULL, NULL, NULL, 15, 1, 'B', 'week:weekly:palan:discard', NULL, 1, 1, 0, NULL, '2025-11-28 14:10:35', '72b7624ee7c21868ba1b7668cf907a2f', 'admin1', '2025-11-28 14:10:35', '72b7624ee7c21868ba1b7668cf907a2f', 'admin1', 0);
INSERT INTO "public"."auth_menu" ("menu_id", "parent_id", "project_id", "ancestors", "menu_name", "route_name", "route_path", "route_component", "sort", "frame_status", "menu_type", "perms", "icon", "visible", "is_enable", "is_cache", "remark", "create_date", "create_user_id", "create_user_name", "update_date", "update_user_id", "update_user_name", "delete_flag") VALUES ('1708839815bb617fd23f2288def607a2', '0', '9f0a8dc868c1da3383491306a497fb1c', '0', '月计划看板', 'PlanMonthlyBoard', 'monthlyPlan/monthlyPlanBoard', 'views/monthlyPlan/monthlyPlanBoard.vue', 18, 1, 'C', 'week:monthly:report:list:group:status', 'fa-solid:chalkboard', 1, 1, 0, NULL, '2025-11-28 14:12:07', '72b7624ee7c21868ba1b7668cf907a2f', 'admin1', '2025-11-28 14:12:07', '72b7624ee7c21868ba1b7668cf907a2f', 'admin1', 0);
INSERT INTO "public"."auth_menu" ("menu_id", "parent_id", "project_id", "ancestors", "menu_name", "route_name", "route_path", "route_component", "sort", "frame_status", "menu_type", "perms", "icon", "visible", "is_enable", "is_cache", "remark", "create_date", "create_user_id", "create_user_name", "update_date", "update_user_id", "update_user_name", "delete_flag") VALUES ('1cb7087f8309419a0fef940ded27fb67', '261ede37298734281fb208f49ae04727', '9f0a8dc868c1da3383491306a497fb1c', '0,261ede37298734281fb208f49ae04727', '修改周计划', NULL, NULL, NULL, 12, 1, 'B', 'week:weekly:palan:update', NULL, 1, 1, 0, NULL, '2025-11-28 14:09:52', '72b7624ee7c21868ba1b7668cf907a2f', 'admin1', '2025-11-28 14:09:52', '72b7624ee7c21868ba1b7668cf907a2f', 'admin1', 0);
INSERT INTO "public"."auth_menu" ("menu_id", "parent_id", "project_id", "ancestors", "menu_name", "route_name", "route_path", "route_component", "sort", "frame_status", "menu_type", "perms", "icon", "visible", "is_enable", "is_cache", "remark", "create_date", "create_user_id", "create_user_name", "update_date", "update_user_id", "update_user_name", "delete_flag") VALUES ('261ede37298734281fb208f49ae04727', '0', '9f0a8dc868c1da3383491306a497fb1c', '0', '周计划拆分', 'WeeklyPlanReport', 'weeklyPlan/weeklyPlanReport', 'views/weeklyPlan/weeklyPlanReport.vue', 10, 1, 'C', 'week:weekly:palan:my:list', 'fa-solid:calendar-alt', 1, 1, 0, NULL, '2025-11-28 14:09:03', '72b7624ee7c21868ba1b7668cf907a2f', 'admin1', '2025-11-28 14:09:03', '72b7624ee7c21868ba1b7668cf907a2f', 'admin1', 0);
INSERT INTO "public"."auth_menu" ("menu_id", "parent_id", "project_id", "ancestors", "menu_name", "route_name", "route_path", "route_component", "sort", "frame_status", "menu_type", "perms", "icon", "visible", "is_enable", "is_cache", "remark", "create_date", "create_user_id", "create_user_name", "update_date", "update_user_id", "update_user_name", "delete_flag") VALUES ('2833553bc5325d115fdfb07d68724511', '0', '9f0a8dc868c1da3383491306a497fb1c', '0', '帮忙点个Star呗', 'Star', 'Star', 'https://gitee.com/open_project_lp/yipeng', 22, 3, 'C', NULL, 'ep:star-filled', 1, 1, 0, NULL, '2025-11-28 14:15:32', '72b7624ee7c21868ba1b7668cf907a2f', 'admin1', '2025-11-28 14:15:32', '72b7624ee7c21868ba1b7668cf907a2f', 'admin1', 0);
INSERT INTO "public"."auth_menu" ("menu_id", "parent_id", "project_id", "ancestors", "menu_name", "route_name", "route_path", "route_component", "sort", "frame_status", "menu_type", "perms", "icon", "visible", "is_enable", "is_cache", "remark", "create_date", "create_user_id", "create_user_name", "update_date", "update_user_id", "update_user_name", "delete_flag") VALUES ('30b947a905b2cbcfdf2742a613a631e4', 'b2be44c492397dfcff05ba11d3310437', '9f0a8dc868c1da3383491306a497fb1c', '0,30e121a69a514fa173a658b5c9a516c4,b2be44c492397dfcff05ba11d3310437', '批量删除月报', NULL, NULL, NULL, 6, 1, 'B', 'week:monthly:report:batch:remove', NULL, 1, 1, 0, NULL, '2025-11-28 14:07:04', '72b7624ee7c21868ba1b7668cf907a2f', 'admin1', '2025-11-28 14:07:04', '72b7624ee7c21868ba1b7668cf907a2f', 'admin1', 0);
INSERT INTO "public"."auth_menu" ("menu_id", "parent_id", "project_id", "ancestors", "menu_name", "route_name", "route_path", "route_component", "sort", "frame_status", "menu_type", "perms", "icon", "visible", "is_enable", "is_cache", "remark", "create_date", "create_user_id", "create_user_name", "update_date", "update_user_id", "update_user_name", "delete_flag") VALUES ('30e121a69a514fa173a658b5c9a516c4', '0', '9f0a8dc868c1da3383491306a497fb1c', '0', '月计划', NULL, 'monthlyPlan', NULL, 1, 1, 'M', NULL, 'fa-solid:money-check', 1, 1, 0, NULL, '2025-11-28 14:05:17', '72b7624ee7c21868ba1b7668cf907a2f', 'admin1', '2025-11-28 14:05:17', '72b7624ee7c21868ba1b7668cf907a2f', 'admin1', 0);
INSERT INTO "public"."auth_menu" ("menu_id", "parent_id", "project_id", "ancestors", "menu_name", "route_name", "route_path", "route_component", "sort", "frame_status", "menu_type", "perms", "icon", "visible", "is_enable", "is_cache", "remark", "create_date", "create_user_id", "create_user_name", "update_date", "update_user_id", "update_user_name", "delete_flag") VALUES ('415baa7219a57835f5474a5b102f771a', 'b2be44c492397dfcff05ba11d3310437', '9f0a8dc868c1da3383491306a497fb1c', '0,30e121a69a514fa173a658b5c9a516c4,b2be44c492397dfcff05ba11d3310437', '新增月报', NULL, NULL, NULL, 3, 1, 'B', 'week:monthly:report:save', NULL, 1, 1, 0, NULL, '2025-11-28 14:06:14', '72b7624ee7c21868ba1b7668cf907a2f', 'admin1', '2025-11-28 14:06:14', '72b7624ee7c21868ba1b7668cf907a2f', 'admin1', 0);
INSERT INTO "public"."auth_menu" ("menu_id", "parent_id", "project_id", "ancestors", "menu_name", "route_name", "route_path", "route_component", "sort", "frame_status", "menu_type", "perms", "icon", "visible", "is_enable", "is_cache", "remark", "create_date", "create_user_id", "create_user_name", "update_date", "update_user_id", "update_user_name", "delete_flag") VALUES ('6bd03b9eedfda6bdc5d1452185c3705c', '261ede37298734281fb208f49ae04727', '9f0a8dc868c1da3383491306a497fb1c', '0,261ede37298734281fb208f49ae04727', '删除周计划', NULL, NULL, NULL, 14, 1, 'B', 'week:weekly:palan:remove', NULL, 1, 1, 0, NULL, '2025-11-28 14:10:20', '72b7624ee7c21868ba1b7668cf907a2f', 'admin1', '2025-11-28 14:10:20', '72b7624ee7c21868ba1b7668cf907a2f', 'admin1', 0);
INSERT INTO "public"."auth_menu" ("menu_id", "parent_id", "project_id", "ancestors", "menu_name", "route_name", "route_path", "route_component", "sort", "frame_status", "menu_type", "perms", "icon", "visible", "is_enable", "is_cache", "remark", "create_date", "create_user_id", "create_user_name", "update_date", "update_user_id", "update_user_name", "delete_flag") VALUES ('734662ceea3611437918b1bcf78df373', '1708839815bb617fd23f2288def607a2', '9f0a8dc868c1da3383491306a497fb1c', '0,1708839815bb617fd23f2288def607a2', '移动设置月计划状态', NULL, NULL, NULL, 20, 1, 'B', 'week:monthly:report:update:move:status', NULL, 1, 1, 0, NULL, '2025-11-28 14:12:46', '72b7624ee7c21868ba1b7668cf907a2f', 'admin1', '2025-11-28 14:12:46', '72b7624ee7c21868ba1b7668cf907a2f', 'admin1', 0);
INSERT INTO "public"."auth_menu" ("menu_id", "parent_id", "project_id", "ancestors", "menu_name", "route_name", "route_path", "route_component", "sort", "frame_status", "menu_type", "perms", "icon", "visible", "is_enable", "is_cache", "remark", "create_date", "create_user_id", "create_user_name", "update_date", "update_user_id", "update_user_name", "delete_flag") VALUES ('7edb03629830c5b55946ef205cf84943', 'be25bc90ef8f80749d2707f1eaa29e75', '9f0a8dc868c1da3383491306a497fb1c', '0,30e121a69a514fa173a658b5c9a516c4,be25bc90ef8f80749d2707f1eaa29e75', '月计划批量审核', NULL, NULL, NULL, 9, 1, 'B', 'week:monthly:review:batch:submit', NULL, 1, 1, 0, NULL, '2025-11-28 14:08:11', '72b7624ee7c21868ba1b7668cf907a2f', 'admin1', '2025-11-28 14:08:11', '72b7624ee7c21868ba1b7668cf907a2f', 'admin1', 0);
INSERT INTO "public"."auth_menu" ("menu_id", "parent_id", "project_id", "ancestors", "menu_name", "route_name", "route_path", "route_component", "sort", "frame_status", "menu_type", "perms", "icon", "visible", "is_enable", "is_cache", "remark", "create_date", "create_user_id", "create_user_name", "update_date", "update_user_id", "update_user_name", "delete_flag") VALUES ('98f4cf79dae8566c205b829183b2e5ab', 'b2be44c492397dfcff05ba11d3310437', '9f0a8dc868c1da3383491306a497fb1c', '0,30e121a69a514fa173a658b5c9a516c4,b2be44c492397dfcff05ba11d3310437', '提交审核', NULL, NULL, NULL, 7, 1, 'B', 'week:monthly:report:submit:review', NULL, 1, 1, 0, NULL, '2025-11-28 14:07:20', '72b7624ee7c21868ba1b7668cf907a2f', 'admin1', '2025-11-28 14:07:20', '72b7624ee7c21868ba1b7668cf907a2f', 'admin1', 0);
INSERT INTO "public"."auth_menu" ("menu_id", "parent_id", "project_id", "ancestors", "menu_name", "route_name", "route_path", "route_component", "sort", "frame_status", "menu_type", "perms", "icon", "visible", "is_enable", "is_cache", "remark", "create_date", "create_user_id", "create_user_name", "update_date", "update_user_id", "update_user_name", "delete_flag") VALUES ('9f1b61166b6a7fc4b4cb801955e96950', 'b2be44c492397dfcff05ba11d3310437', '9f0a8dc868c1da3383491306a497fb1c', '0,30e121a69a514fa173a658b5c9a516c4,b2be44c492397dfcff05ba11d3310437', '修改月报', NULL, NULL, NULL, 4, 1, 'B', 'week:monthly:report:update', NULL, 1, 1, 0, NULL, '2025-11-28 14:06:28', '72b7624ee7c21868ba1b7668cf907a2f', 'admin1', '2025-11-28 14:06:28', '72b7624ee7c21868ba1b7668cf907a2f', 'admin1', 0);
INSERT INTO "public"."auth_menu" ("menu_id", "parent_id", "project_id", "ancestors", "menu_name", "route_name", "route_path", "route_component", "sort", "frame_status", "menu_type", "perms", "icon", "visible", "is_enable", "is_cache", "remark", "create_date", "create_user_id", "create_user_name", "update_date", "update_user_id", "update_user_name", "delete_flag") VALUES ('b2be44c492397dfcff05ba11d3310437', '30e121a69a514fa173a658b5c9a516c4', '9f0a8dc868c1da3383491306a497fb1c', '0,30e121a69a514fa173a658b5c9a516c4', '部门月计划', 'MonthlyPlanReport', 'monthlyPlan/monthlyReport', 'views/monthlyPlan/monthlyReport.vue', 2, 1, 'C', 'week:monthly:report:page:list', 'fa-solid:calendar-alt', 1, 1, 0, NULL, '2025-11-28 14:05:50', '72b7624ee7c21868ba1b7668cf907a2f', 'admin1', '2025-11-28 14:05:50', '72b7624ee7c21868ba1b7668cf907a2f', 'admin1', 0);
INSERT INTO "public"."auth_menu" ("menu_id", "parent_id", "project_id", "ancestors", "menu_name", "route_name", "route_path", "route_component", "sort", "frame_status", "menu_type", "perms", "icon", "visible", "is_enable", "is_cache", "remark", "create_date", "create_user_id", "create_user_name", "update_date", "update_user_id", "update_user_name", "delete_flag") VALUES ('be25bc90ef8f80749d2707f1eaa29e75', '30e121a69a514fa173a658b5c9a516c4', '9f0a8dc868c1da3383491306a497fb1c', '0,30e121a69a514fa173a658b5c9a516c4', '月计划审核', 'MonthlyPlanReview', 'monthlyPlan/monthlyReview', 'views/monthlyPlan/monthlyReview.vue', 8, 1, 'C', 'week:monthly:review:page:list', 'fa-solid:chalkboard-teacher', 1, 1, 0, NULL, '2025-11-28 14:07:52', '72b7624ee7c21868ba1b7668cf907a2f', 'admin1', '2025-11-28 14:07:52', '72b7624ee7c21868ba1b7668cf907a2f', 'admin1', 0);
INSERT INTO "public"."auth_menu" ("menu_id", "parent_id", "project_id", "ancestors", "menu_name", "route_name", "route_path", "route_component", "sort", "frame_status", "menu_type", "perms", "icon", "visible", "is_enable", "is_cache", "remark", "create_date", "create_user_id", "create_user_name", "update_date", "update_user_id", "update_user_name", "delete_flag") VALUES ('c1c88497efaac5f6f75f80dd6a235c7c', '261ede37298734281fb208f49ae04727', '9f0a8dc868c1da3383491306a497fb1c', '0,261ede37298734281fb208f49ae04727', '查询周计划详情', NULL, NULL, NULL, 13, 1, 'B', 'week:weekly:palan:details', NULL, 1, 1, 0, NULL, '2025-11-28 14:10:04', '72b7624ee7c21868ba1b7668cf907a2f', 'admin1', '2025-11-28 14:10:04', '72b7624ee7c21868ba1b7668cf907a2f', 'admin1', 0);
INSERT INTO "public"."auth_menu" ("menu_id", "parent_id", "project_id", "ancestors", "menu_name", "route_name", "route_path", "route_component", "sort", "frame_status", "menu_type", "perms", "icon", "visible", "is_enable", "is_cache", "remark", "create_date", "create_user_id", "create_user_name", "update_date", "update_user_id", "update_user_name", "delete_flag") VALUES ('c4043bed7c13fa4e7993579a68969bd0', 'd785852b675f2b8a88552f04f51f6bf4', '9f0a8dc868c1da3383491306a497fb1c', '0,d785852b675f2b8a88552f04f51f6bf4', '移动周计划', NULL, NULL, NULL, 17, 1, 'B', 'week:weekly:palan:update:move', NULL, 1, 1, 0, NULL, '2025-11-28 14:11:32', '72b7624ee7c21868ba1b7668cf907a2f', 'admin1', '2025-11-28 14:11:32', '72b7624ee7c21868ba1b7668cf907a2f', 'admin1', 0);
INSERT INTO "public"."auth_menu" ("menu_id", "parent_id", "project_id", "ancestors", "menu_name", "route_name", "route_path", "route_component", "sort", "frame_status", "menu_type", "perms", "icon", "visible", "is_enable", "is_cache", "remark", "create_date", "create_user_id", "create_user_name", "update_date", "update_user_id", "update_user_name", "delete_flag") VALUES ('d38cc8a8fa28e0c66070e562ad60d4e3', 'b2be44c492397dfcff05ba11d3310437', '9f0a8dc868c1da3383491306a497fb1c', '0,30e121a69a514fa173a658b5c9a516c4,b2be44c492397dfcff05ba11d3310437', '查询月报详情', NULL, NULL, NULL, 5, 1, 'B', 'week:monthly:report:details', NULL, 1, 1, 0, NULL, '2025-11-28 14:06:45', '72b7624ee7c21868ba1b7668cf907a2f', 'admin1', '2025-11-28 14:06:45', '72b7624ee7c21868ba1b7668cf907a2f', 'admin1', 0);
INSERT INTO "public"."auth_menu" ("menu_id", "parent_id", "project_id", "ancestors", "menu_name", "route_name", "route_path", "route_component", "sort", "frame_status", "menu_type", "perms", "icon", "visible", "is_enable", "is_cache", "remark", "create_date", "create_user_id", "create_user_name", "update_date", "update_user_id", "update_user_name", "delete_flag") VALUES ('d504ea0f6437e22a745a6e953e9245b3', '0', '9f0a8dc868c1da3383491306a497fb1c', '0', '社区技术交流群', 'Comment', 'Comment', 'http://kpopen.cn/server.html', 21, 2, 'C', NULL, 'fa-solid:comment-dots', 1, 1, 0, NULL, '2025-11-28 14:14:55', '72b7624ee7c21868ba1b7668cf907a2f', 'admin1', '2025-11-28 14:14:55', '72b7624ee7c21868ba1b7668cf907a2f', 'admin1', 0);
INSERT INTO "public"."auth_menu" ("menu_id", "parent_id", "project_id", "ancestors", "menu_name", "route_name", "route_path", "route_component", "sort", "frame_status", "menu_type", "perms", "icon", "visible", "is_enable", "is_cache", "remark", "create_date", "create_user_id", "create_user_name", "update_date", "update_user_id", "update_user_name", "delete_flag") VALUES ('d785852b675f2b8a88552f04f51f6bf4', '0', '9f0a8dc868c1da3383491306a497fb1c', '0', '个人看板', 'PlanWeeklyBoard', 'weeklyPlan/weeklyPlanBoard', 'views/weeklyPlan/weeklyPlanBoard.vue', 16, 1, 'C', 'week:weekly:palan:my:list:status', 'fa-solid:chalkboard-teacher', 1, 1, 0, NULL, '2025-11-28 14:11:16', '72b7624ee7c21868ba1b7668cf907a2f', 'admin1', '2025-11-28 14:11:16', '72b7624ee7c21868ba1b7668cf907a2f', 'admin1', 0);
INSERT INTO "public"."auth_menu" ("menu_id", "parent_id", "project_id", "ancestors", "menu_name", "route_name", "route_path", "route_component", "sort", "frame_status", "menu_type", "perms", "icon", "visible", "is_enable", "is_cache", "remark", "create_date", "create_user_id", "create_user_name", "update_date", "update_user_id", "update_user_name", "delete_flag") VALUES ('e97bcc13ab0d9c181463bb5bb9d5c909', '261ede37298734281fb208f49ae04727', '9f0a8dc868c1da3383491306a497fb1c', '0,261ede37298734281fb208f49ae04727', '新增周计划', NULL, NULL, NULL, 11, 1, 'B', 'week:weekly:palan:save', NULL, 1, 1, 0, NULL, '2025-11-28 14:09:34', '72b7624ee7c21868ba1b7668cf907a2f', 'admin1', '2025-11-28 14:09:34', '72b7624ee7c21868ba1b7668cf907a2f', 'admin1', 0);
INSERT INTO "public"."auth_menu" ("menu_id", "parent_id", "project_id", "ancestors", "menu_name", "route_name", "route_path", "route_component", "sort", "frame_status", "menu_type", "perms", "icon", "visible", "is_enable", "is_cache", "remark", "create_date", "create_user_id", "create_user_name", "update_date", "update_user_id", "update_user_name", "delete_flag") VALUES ('fb5c90efadb9f27b91ad64811abe4498', '1708839815bb617fd23f2288def607a2', '9f0a8dc868c1da3383491306a497fb1c', '0,1708839815bb617fd23f2288def607a2', '查询月月计划下的周计划', NULL, NULL, NULL, 19, 1, 'B', 'week:weekly:palan:list', NULL, 1, 1, 0, NULL, '2025-11-28 14:12:20', '72b7624ee7c21868ba1b7668cf907a2f', 'admin1', '2025-11-28 14:12:37', '72b7624ee7c21868ba1b7668cf907a2f', 'admin1', 0);


INSERT INTO "public"."auth_role_menu" ("arm_id", "menu_id", "role_id", "project_id", "remark", "create_date", "create_user_id", "create_user_name", "update_date", "update_user_id", "update_user_name", "delete_flag") VALUES ('02ffab9c8c24515522ec55b80b7c94e4', '261ede37298734281fb208f49ae04727', '09eec3781608feb8c089333f8ea32400', '9f0a8dc868c1da3383491306a497fb1c', NULL, '2025-11-28 14:17:37', '72b7624ee7c21868ba1b7668cf907a2f', 'admin1', '2025-11-28 14:17:37', '72b7624ee7c21868ba1b7668cf907a2f', 'admin1', 0);
INSERT INTO "public"."auth_role_menu" ("arm_id", "menu_id", "role_id", "project_id", "remark", "create_date", "create_user_id", "create_user_name", "update_date", "update_user_id", "update_user_name", "delete_flag") VALUES ('040312cbfb94aaed8298fd9ea3a734f4', 'be25bc90ef8f80749d2707f1eaa29e75', '36d8a9938202c43c0f20012d03ab6d9f', '9f0a8dc868c1da3383491306a497fb1c', NULL, '2025-11-28 14:17:59', '72b7624ee7c21868ba1b7668cf907a2f', 'admin1', '2025-11-28 14:17:59', '72b7624ee7c21868ba1b7668cf907a2f', 'admin1', 0);
INSERT INTO "public"."auth_role_menu" ("arm_id", "menu_id", "role_id", "project_id", "remark", "create_date", "create_user_id", "create_user_name", "update_date", "update_user_id", "update_user_name", "delete_flag") VALUES ('0665c26b468101ce95101bc1da421f2a', '98f4cf79dae8566c205b829183b2e5ab', '36d8a9938202c43c0f20012d03ab6d9f', '9f0a8dc868c1da3383491306a497fb1c', NULL, '2025-11-28 14:17:59', '72b7624ee7c21868ba1b7668cf907a2f', 'admin1', '2025-11-28 14:17:59', '72b7624ee7c21868ba1b7668cf907a2f', 'admin1', 0);
INSERT INTO "public"."auth_role_menu" ("arm_id", "menu_id", "role_id", "project_id", "remark", "create_date", "create_user_id", "create_user_name", "update_date", "update_user_id", "update_user_name", "delete_flag") VALUES ('0833abb1ea0a8fbf761a58748664df62', 'd785852b675f2b8a88552f04f51f6bf4', '09eec3781608feb8c089333f8ea32400', '9f0a8dc868c1da3383491306a497fb1c', NULL, '2025-11-28 14:17:38', '72b7624ee7c21868ba1b7668cf907a2f', 'admin1', '2025-11-28 14:17:38', '72b7624ee7c21868ba1b7668cf907a2f', 'admin1', 0);
INSERT INTO "public"."auth_role_menu" ("arm_id", "menu_id", "role_id", "project_id", "remark", "create_date", "create_user_id", "create_user_name", "update_date", "update_user_id", "update_user_name", "delete_flag") VALUES ('0c83f0d4de9a5fb99b8dc721d6c183ef', 'c1c88497efaac5f6f75f80dd6a235c7c', '89a7608570d84b752e30910b8a9aac44', '9f0a8dc868c1da3383491306a497fb1c', NULL, '2025-11-28 14:17:51', '72b7624ee7c21868ba1b7668cf907a2f', 'admin1', '2025-11-28 14:17:51', '72b7624ee7c21868ba1b7668cf907a2f', 'admin1', 0);
INSERT INTO "public"."auth_role_menu" ("arm_id", "menu_id", "role_id", "project_id", "remark", "create_date", "create_user_id", "create_user_name", "update_date", "update_user_id", "update_user_name", "delete_flag") VALUES ('0df03366db1d7d0556f07046f07f319b', 'b2be44c492397dfcff05ba11d3310437', '89a7608570d84b752e30910b8a9aac44', '9f0a8dc868c1da3383491306a497fb1c', NULL, '2025-11-28 14:17:51', '72b7624ee7c21868ba1b7668cf907a2f', 'admin1', '2025-11-28 14:17:51', '72b7624ee7c21868ba1b7668cf907a2f', 'admin1', 0);
INSERT INTO "public"."auth_role_menu" ("arm_id", "menu_id", "role_id", "project_id", "remark", "create_date", "create_user_id", "create_user_name", "update_date", "update_user_id", "update_user_name", "delete_flag") VALUES ('0e414ada3844c506908d21bb32704ddb', '7edb03629830c5b55946ef205cf84943', '36d8a9938202c43c0f20012d03ab6d9f', '9f0a8dc868c1da3383491306a497fb1c', NULL, '2025-11-28 14:17:59', '72b7624ee7c21868ba1b7668cf907a2f', 'admin1', '2025-11-28 14:17:59', '72b7624ee7c21868ba1b7668cf907a2f', 'admin1', 0);
INSERT INTO "public"."auth_role_menu" ("arm_id", "menu_id", "role_id", "project_id", "remark", "create_date", "create_user_id", "create_user_name", "update_date", "update_user_id", "update_user_name", "delete_flag") VALUES ('0e993b03c7d23eae9b93623cdb31b84f', '01e4ea665b50e1be5acaaf583c1b730e', '89a7608570d84b752e30910b8a9aac44', '9f0a8dc868c1da3383491306a497fb1c', NULL, '2025-11-28 14:17:51', '72b7624ee7c21868ba1b7668cf907a2f', 'admin1', '2025-11-28 14:17:51', '72b7624ee7c21868ba1b7668cf907a2f', 'admin1', 0);
INSERT INTO "public"."auth_role_menu" ("arm_id", "menu_id", "role_id", "project_id", "remark", "create_date", "create_user_id", "create_user_name", "update_date", "update_user_id", "update_user_name", "delete_flag") VALUES ('0ed36f5a9de875ed6221ff693717b922', '30e121a69a514fa173a658b5c9a516c4', '36d8a9938202c43c0f20012d03ab6d9f', '9f0a8dc868c1da3383491306a497fb1c', NULL, '2025-11-28 14:17:58', '72b7624ee7c21868ba1b7668cf907a2f', 'admin1', '2025-11-28 14:17:58', '72b7624ee7c21868ba1b7668cf907a2f', 'admin1', 0);
INSERT INTO "public"."auth_role_menu" ("arm_id", "menu_id", "role_id", "project_id", "remark", "create_date", "create_user_id", "create_user_name", "update_date", "update_user_id", "update_user_name", "delete_flag") VALUES ('11b34e34c4c99ab0112e4f701659be9f', 'b2be44c492397dfcff05ba11d3310437', '36d8a9938202c43c0f20012d03ab6d9f', '9f0a8dc868c1da3383491306a497fb1c', NULL, '2025-11-28 14:17:58', '72b7624ee7c21868ba1b7668cf907a2f', 'admin1', '2025-11-28 14:17:58', '72b7624ee7c21868ba1b7668cf907a2f', 'admin1', 0);
INSERT INTO "public"."auth_role_menu" ("arm_id", "menu_id", "role_id", "project_id", "remark", "create_date", "create_user_id", "create_user_name", "update_date", "update_user_id", "update_user_name", "delete_flag") VALUES ('151d177b7b5df200f5dd1ac3a5163856', 'd785852b675f2b8a88552f04f51f6bf4', '89a7608570d84b752e30910b8a9aac44', '9f0a8dc868c1da3383491306a497fb1c', NULL, '2025-11-28 14:17:51', '72b7624ee7c21868ba1b7668cf907a2f', 'admin1', '2025-11-28 14:17:51', '72b7624ee7c21868ba1b7668cf907a2f', 'admin1', 0);
INSERT INTO "public"."auth_role_menu" ("arm_id", "menu_id", "role_id", "project_id", "remark", "create_date", "create_user_id", "create_user_name", "update_date", "update_user_id", "update_user_name", "delete_flag") VALUES ('1b49dd06b0cf4302360dc9509425ded2', 'fb5c90efadb9f27b91ad64811abe4498', '09eec3781608feb8c089333f8ea32400', '9f0a8dc868c1da3383491306a497fb1c', NULL, '2025-11-28 14:17:38', '72b7624ee7c21868ba1b7668cf907a2f', 'admin1', '2025-11-28 14:17:38', '72b7624ee7c21868ba1b7668cf907a2f', 'admin1', 0);
INSERT INTO "public"."auth_role_menu" ("arm_id", "menu_id", "role_id", "project_id", "remark", "create_date", "create_user_id", "create_user_name", "update_date", "update_user_id", "update_user_name", "delete_flag") VALUES ('1b7ebf4905840dd80f0274f59edcbb49', '415baa7219a57835f5474a5b102f771a', '09eec3781608feb8c089333f8ea32400', '9f0a8dc868c1da3383491306a497fb1c', NULL, '2025-11-28 14:17:37', '72b7624ee7c21868ba1b7668cf907a2f', 'admin1', '2025-11-28 14:17:37', '72b7624ee7c21868ba1b7668cf907a2f', 'admin1', 0);
INSERT INTO "public"."auth_role_menu" ("arm_id", "menu_id", "role_id", "project_id", "remark", "create_date", "create_user_id", "create_user_name", "update_date", "update_user_id", "update_user_name", "delete_flag") VALUES ('1d20a33ab166bb67b2fcaadfb99b9027', 'c1c88497efaac5f6f75f80dd6a235c7c', '36d8a9938202c43c0f20012d03ab6d9f', '9f0a8dc868c1da3383491306a497fb1c', NULL, '2025-11-28 14:17:59', '72b7624ee7c21868ba1b7668cf907a2f', 'admin1', '2025-11-28 14:17:59', '72b7624ee7c21868ba1b7668cf907a2f', 'admin1', 0);
INSERT INTO "public"."auth_role_menu" ("arm_id", "menu_id", "role_id", "project_id", "remark", "create_date", "create_user_id", "create_user_name", "update_date", "update_user_id", "update_user_name", "delete_flag") VALUES ('2426ed9a104401dfb2df7bdaeeea36f6', '415baa7219a57835f5474a5b102f771a', '36d8a9938202c43c0f20012d03ab6d9f', '9f0a8dc868c1da3383491306a497fb1c', NULL, '2025-11-28 14:17:58', '72b7624ee7c21868ba1b7668cf907a2f', 'admin1', '2025-11-28 14:17:58', '72b7624ee7c21868ba1b7668cf907a2f', 'admin1', 0);
INSERT INTO "public"."auth_role_menu" ("arm_id", "menu_id", "role_id", "project_id", "remark", "create_date", "create_user_id", "create_user_name", "update_date", "update_user_id", "update_user_name", "delete_flag") VALUES ('245da258870f9831128f9a84fca35947', 'c1c88497efaac5f6f75f80dd6a235c7c', '09eec3781608feb8c089333f8ea32400', '9f0a8dc868c1da3383491306a497fb1c', NULL, '2025-11-28 14:17:38', '72b7624ee7c21868ba1b7668cf907a2f', 'admin1', '2025-11-28 14:17:38', '72b7624ee7c21868ba1b7668cf907a2f', 'admin1', 0);
INSERT INTO "public"."auth_role_menu" ("arm_id", "menu_id", "role_id", "project_id", "remark", "create_date", "create_user_id", "create_user_name", "update_date", "update_user_id", "update_user_name", "delete_flag") VALUES ('2f70960b432abaa45bb32d5788b56cc9', '1cb7087f8309419a0fef940ded27fb67', '36d8a9938202c43c0f20012d03ab6d9f', '9f0a8dc868c1da3383491306a497fb1c', NULL, '2025-11-28 14:17:59', '72b7624ee7c21868ba1b7668cf907a2f', 'admin1', '2025-11-28 14:17:59', '72b7624ee7c21868ba1b7668cf907a2f', 'admin1', 0);
INSERT INTO "public"."auth_role_menu" ("arm_id", "menu_id", "role_id", "project_id", "remark", "create_date", "create_user_id", "create_user_name", "update_date", "update_user_id", "update_user_name", "delete_flag") VALUES ('2fe976edb5c10f019e5a34eb82afcce4', '30e121a69a514fa173a658b5c9a516c4', '09eec3781608feb8c089333f8ea32400', '9f0a8dc868c1da3383491306a497fb1c', NULL, '2025-11-28 14:17:37', '72b7624ee7c21868ba1b7668cf907a2f', 'admin1', '2025-11-28 14:17:37', '72b7624ee7c21868ba1b7668cf907a2f', 'admin1', 0);
INSERT INTO "public"."auth_role_menu" ("arm_id", "menu_id", "role_id", "project_id", "remark", "create_date", "create_user_id", "create_user_name", "update_date", "update_user_id", "update_user_name", "delete_flag") VALUES ('303a637d6e8a2d787d6536ac7538b5db', 'be25bc90ef8f80749d2707f1eaa29e75', '09eec3781608feb8c089333f8ea32400', '9f0a8dc868c1da3383491306a497fb1c', NULL, '2025-11-28 14:17:37', '72b7624ee7c21868ba1b7668cf907a2f', 'admin1', '2025-11-28 14:17:37', '72b7624ee7c21868ba1b7668cf907a2f', 'admin1', 0);
INSERT INTO "public"."auth_role_menu" ("arm_id", "menu_id", "role_id", "project_id", "remark", "create_date", "create_user_id", "create_user_name", "update_date", "update_user_id", "update_user_name", "delete_flag") VALUES ('326d61ab6ca652cccf2e03a5a1e50f65', 'b2be44c492397dfcff05ba11d3310437', '09eec3781608feb8c089333f8ea32400', '9f0a8dc868c1da3383491306a497fb1c', NULL, '2025-11-28 14:17:37', '72b7624ee7c21868ba1b7668cf907a2f', 'admin1', '2025-11-28 14:17:37', '72b7624ee7c21868ba1b7668cf907a2f', 'admin1', 0);
INSERT INTO "public"."auth_role_menu" ("arm_id", "menu_id", "role_id", "project_id", "remark", "create_date", "create_user_id", "create_user_name", "update_date", "update_user_id", "update_user_name", "delete_flag") VALUES ('36d3c4c7f8ae4ca8f814ec786701ddb0', '30b947a905b2cbcfdf2742a613a631e4', '89a7608570d84b752e30910b8a9aac44', '9f0a8dc868c1da3383491306a497fb1c', NULL, '2025-11-28 14:17:51', '72b7624ee7c21868ba1b7668cf907a2f', 'admin1', '2025-11-28 14:17:51', '72b7624ee7c21868ba1b7668cf907a2f', 'admin1', 0);
INSERT INTO "public"."auth_role_menu" ("arm_id", "menu_id", "role_id", "project_id", "remark", "create_date", "create_user_id", "create_user_name", "update_date", "update_user_id", "update_user_name", "delete_flag") VALUES ('3921b4cad08e92ece26e9895243db414', '30e121a69a514fa173a658b5c9a516c4', '89a7608570d84b752e30910b8a9aac44', '9f0a8dc868c1da3383491306a497fb1c', NULL, '2025-11-28 14:17:51', '72b7624ee7c21868ba1b7668cf907a2f', 'admin1', '2025-11-28 14:17:51', '72b7624ee7c21868ba1b7668cf907a2f', 'admin1', 0);
INSERT INTO "public"."auth_role_menu" ("arm_id", "menu_id", "role_id", "project_id", "remark", "create_date", "create_user_id", "create_user_name", "update_date", "update_user_id", "update_user_name", "delete_flag") VALUES ('39a1c079154a73ff9dd531e3129bfb7c', 'd38cc8a8fa28e0c66070e562ad60d4e3', '36d8a9938202c43c0f20012d03ab6d9f', '9f0a8dc868c1da3383491306a497fb1c', NULL, '2025-11-28 14:17:58', '72b7624ee7c21868ba1b7668cf907a2f', 'admin1', '2025-11-28 14:17:58', '72b7624ee7c21868ba1b7668cf907a2f', 'admin1', 0);
INSERT INTO "public"."auth_role_menu" ("arm_id", "menu_id", "role_id", "project_id", "remark", "create_date", "create_user_id", "create_user_name", "update_date", "update_user_id", "update_user_name", "delete_flag") VALUES ('3d07e27a268bd89fd2f553b3d1cc5416', '2833553bc5325d115fdfb07d68724511', '89a7608570d84b752e30910b8a9aac44', '9f0a8dc868c1da3383491306a497fb1c', NULL, '2025-11-28 14:17:51', '72b7624ee7c21868ba1b7668cf907a2f', 'admin1', '2025-11-28 14:17:51', '72b7624ee7c21868ba1b7668cf907a2f', 'admin1', 0);
INSERT INTO "public"."auth_role_menu" ("arm_id", "menu_id", "role_id", "project_id", "remark", "create_date", "create_user_id", "create_user_name", "update_date", "update_user_id", "update_user_name", "delete_flag") VALUES ('41bde0f2ce9c9f26fa3ae23d8ada16aa', '01e4ea665b50e1be5acaaf583c1b730e', '09eec3781608feb8c089333f8ea32400', '9f0a8dc868c1da3383491306a497fb1c', NULL, '2025-11-28 14:17:38', '72b7624ee7c21868ba1b7668cf907a2f', 'admin1', '2025-11-28 14:17:38', '72b7624ee7c21868ba1b7668cf907a2f', 'admin1', 0);
INSERT INTO "public"."auth_role_menu" ("arm_id", "menu_id", "role_id", "project_id", "remark", "create_date", "create_user_id", "create_user_name", "update_date", "update_user_id", "update_user_name", "delete_flag") VALUES ('499f7acd8e6732e04220521cfd3647ce', '1708839815bb617fd23f2288def607a2', '09eec3781608feb8c089333f8ea32400', '9f0a8dc868c1da3383491306a497fb1c', NULL, '2025-11-28 14:17:38', '72b7624ee7c21868ba1b7668cf907a2f', 'admin1', '2025-11-28 14:17:38', '72b7624ee7c21868ba1b7668cf907a2f', 'admin1', 0);
INSERT INTO "public"."auth_role_menu" ("arm_id", "menu_id", "role_id", "project_id", "remark", "create_date", "create_user_id", "create_user_name", "update_date", "update_user_id", "update_user_name", "delete_flag") VALUES ('4ed0b5be1283526953f24ac6ce6c09ea', '261ede37298734281fb208f49ae04727', '89a7608570d84b752e30910b8a9aac44', '9f0a8dc868c1da3383491306a497fb1c', NULL, '2025-11-28 14:17:51', '72b7624ee7c21868ba1b7668cf907a2f', 'admin1', '2025-11-28 14:17:51', '72b7624ee7c21868ba1b7668cf907a2f', 'admin1', 0);
INSERT INTO "public"."auth_role_menu" ("arm_id", "menu_id", "role_id", "project_id", "remark", "create_date", "create_user_id", "create_user_name", "update_date", "update_user_id", "update_user_name", "delete_flag") VALUES ('5283e9950948f7f2d7d54b32585f0906', '30b947a905b2cbcfdf2742a613a631e4', '36d8a9938202c43c0f20012d03ab6d9f', '9f0a8dc868c1da3383491306a497fb1c', NULL, '2025-11-28 14:17:58', '72b7624ee7c21868ba1b7668cf907a2f', 'admin1', '2025-11-28 14:17:58', '72b7624ee7c21868ba1b7668cf907a2f', 'admin1', 0);
INSERT INTO "public"."auth_role_menu" ("arm_id", "menu_id", "role_id", "project_id", "remark", "create_date", "create_user_id", "create_user_name", "update_date", "update_user_id", "update_user_name", "delete_flag") VALUES ('5dd6f71097f8767b6c253d99dc65e26c', '98f4cf79dae8566c205b829183b2e5ab', '09eec3781608feb8c089333f8ea32400', '9f0a8dc868c1da3383491306a497fb1c', NULL, '2025-11-28 14:17:37', '72b7624ee7c21868ba1b7668cf907a2f', 'admin1', '2025-11-28 14:17:37', '72b7624ee7c21868ba1b7668cf907a2f', 'admin1', 0);
INSERT INTO "public"."auth_role_menu" ("arm_id", "menu_id", "role_id", "project_id", "remark", "create_date", "create_user_id", "create_user_name", "update_date", "update_user_id", "update_user_name", "delete_flag") VALUES ('60680f1df4eb883033c6c1722ba38f3a', 'e97bcc13ab0d9c181463bb5bb9d5c909', '09eec3781608feb8c089333f8ea32400', '9f0a8dc868c1da3383491306a497fb1c', NULL, '2025-11-28 14:17:37', '72b7624ee7c21868ba1b7668cf907a2f', 'admin1', '2025-11-28 14:17:37', '72b7624ee7c21868ba1b7668cf907a2f', 'admin1', 0);
INSERT INTO "public"."auth_role_menu" ("arm_id", "menu_id", "role_id", "project_id", "remark", "create_date", "create_user_id", "create_user_name", "update_date", "update_user_id", "update_user_name", "delete_flag") VALUES ('6440527cb5cb040dfce6a218c9e76a94', '261ede37298734281fb208f49ae04727', '36d8a9938202c43c0f20012d03ab6d9f', '9f0a8dc868c1da3383491306a497fb1c', NULL, '2025-11-28 14:17:59', '72b7624ee7c21868ba1b7668cf907a2f', 'admin1', '2025-11-28 14:17:59', '72b7624ee7c21868ba1b7668cf907a2f', 'admin1', 0);
INSERT INTO "public"."auth_role_menu" ("arm_id", "menu_id", "role_id", "project_id", "remark", "create_date", "create_user_id", "create_user_name", "update_date", "update_user_id", "update_user_name", "delete_flag") VALUES ('66af64e1cd4bfea771c84f8ceb0ff19f', '7edb03629830c5b55946ef205cf84943', '09eec3781608feb8c089333f8ea32400', '9f0a8dc868c1da3383491306a497fb1c', NULL, '2025-11-28 14:17:37', '72b7624ee7c21868ba1b7668cf907a2f', 'admin1', '2025-11-28 14:17:37', '72b7624ee7c21868ba1b7668cf907a2f', 'admin1', 0);
INSERT INTO "public"."auth_role_menu" ("arm_id", "menu_id", "role_id", "project_id", "remark", "create_date", "create_user_id", "create_user_name", "update_date", "update_user_id", "update_user_name", "delete_flag") VALUES ('69b9f0cb5719106e366b71c7b9b692f8', 'd785852b675f2b8a88552f04f51f6bf4', '36d8a9938202c43c0f20012d03ab6d9f', '9f0a8dc868c1da3383491306a497fb1c', NULL, '2025-11-28 14:17:59', '72b7624ee7c21868ba1b7668cf907a2f', 'admin1', '2025-11-28 14:17:59', '72b7624ee7c21868ba1b7668cf907a2f', 'admin1', 0);
INSERT INTO "public"."auth_role_menu" ("arm_id", "menu_id", "role_id", "project_id", "remark", "create_date", "create_user_id", "create_user_name", "update_date", "update_user_id", "update_user_name", "delete_flag") VALUES ('7afa4eff86d9b6603462476b1b122aa3', 'd504ea0f6437e22a745a6e953e9245b3', '36d8a9938202c43c0f20012d03ab6d9f', '9f0a8dc868c1da3383491306a497fb1c', NULL, '2025-11-28 14:17:59', '72b7624ee7c21868ba1b7668cf907a2f', 'admin1', '2025-11-28 14:17:59', '72b7624ee7c21868ba1b7668cf907a2f', 'admin1', 0);
INSERT INTO "public"."auth_role_menu" ("arm_id", "menu_id", "role_id", "project_id", "remark", "create_date", "create_user_id", "create_user_name", "update_date", "update_user_id", "update_user_name", "delete_flag") VALUES ('7b8a977b4bdc4e088a393f794f897ec8', 'fb5c90efadb9f27b91ad64811abe4498', '36d8a9938202c43c0f20012d03ab6d9f', '9f0a8dc868c1da3383491306a497fb1c', NULL, '2025-11-28 14:17:59', '72b7624ee7c21868ba1b7668cf907a2f', 'admin1', '2025-11-28 14:17:59', '72b7624ee7c21868ba1b7668cf907a2f', 'admin1', 0);
INSERT INTO "public"."auth_role_menu" ("arm_id", "menu_id", "role_id", "project_id", "remark", "create_date", "create_user_id", "create_user_name", "update_date", "update_user_id", "update_user_name", "delete_flag") VALUES ('8701798730f3b14a93efe999878806b9', 'c4043bed7c13fa4e7993579a68969bd0', '36d8a9938202c43c0f20012d03ab6d9f', '9f0a8dc868c1da3383491306a497fb1c', NULL, '2025-11-28 14:17:59', '72b7624ee7c21868ba1b7668cf907a2f', 'admin1', '2025-11-28 14:17:59', '72b7624ee7c21868ba1b7668cf907a2f', 'admin1', 0);
INSERT INTO "public"."auth_role_menu" ("arm_id", "menu_id", "role_id", "project_id", "remark", "create_date", "create_user_id", "create_user_name", "update_date", "update_user_id", "update_user_name", "delete_flag") VALUES ('89b31e2244a168689a0c0721f64a688d', 'd38cc8a8fa28e0c66070e562ad60d4e3', '09eec3781608feb8c089333f8ea32400', '9f0a8dc868c1da3383491306a497fb1c', NULL, '2025-11-28 14:17:37', '72b7624ee7c21868ba1b7668cf907a2f', 'admin1', '2025-11-28 14:17:37', '72b7624ee7c21868ba1b7668cf907a2f', 'admin1', 0);
INSERT INTO "public"."auth_role_menu" ("arm_id", "menu_id", "role_id", "project_id", "remark", "create_date", "create_user_id", "create_user_name", "update_date", "update_user_id", "update_user_name", "delete_flag") VALUES ('8c0905bdfe4ac4a9aea962495c143e37', 'fb5c90efadb9f27b91ad64811abe4498', '89a7608570d84b752e30910b8a9aac44', '9f0a8dc868c1da3383491306a497fb1c', NULL, '2025-11-28 14:17:51', '72b7624ee7c21868ba1b7668cf907a2f', 'admin1', '2025-11-28 14:17:51', '72b7624ee7c21868ba1b7668cf907a2f', 'admin1', 0);
INSERT INTO "public"."auth_role_menu" ("arm_id", "menu_id", "role_id", "project_id", "remark", "create_date", "create_user_id", "create_user_name", "update_date", "update_user_id", "update_user_name", "delete_flag") VALUES ('8e08ddfc76048c727044aa369e9d872e', '9f1b61166b6a7fc4b4cb801955e96950', '36d8a9938202c43c0f20012d03ab6d9f', '9f0a8dc868c1da3383491306a497fb1c', NULL, '2025-11-28 14:17:58', '72b7624ee7c21868ba1b7668cf907a2f', 'admin1', '2025-11-28 14:17:58', '72b7624ee7c21868ba1b7668cf907a2f', 'admin1', 0);
INSERT INTO "public"."auth_role_menu" ("arm_id", "menu_id", "role_id", "project_id", "remark", "create_date", "create_user_id", "create_user_name", "update_date", "update_user_id", "update_user_name", "delete_flag") VALUES ('9729a78ca2f136ce6da7166f9ab8821c', '6bd03b9eedfda6bdc5d1452185c3705c', '09eec3781608feb8c089333f8ea32400', '9f0a8dc868c1da3383491306a497fb1c', NULL, '2025-11-28 14:17:38', '72b7624ee7c21868ba1b7668cf907a2f', 'admin1', '2025-11-28 14:17:38', '72b7624ee7c21868ba1b7668cf907a2f', 'admin1', 0);
INSERT INTO "public"."auth_role_menu" ("arm_id", "menu_id", "role_id", "project_id", "remark", "create_date", "create_user_id", "create_user_name", "update_date", "update_user_id", "update_user_name", "delete_flag") VALUES ('a0933cf3a47a4f2f43e25c61be4ed12d', '9f1b61166b6a7fc4b4cb801955e96950', '89a7608570d84b752e30910b8a9aac44', '9f0a8dc868c1da3383491306a497fb1c', NULL, '2025-11-28 14:17:51', '72b7624ee7c21868ba1b7668cf907a2f', 'admin1', '2025-11-28 14:17:51', '72b7624ee7c21868ba1b7668cf907a2f', 'admin1', 0);
INSERT INTO "public"."auth_role_menu" ("arm_id", "menu_id", "role_id", "project_id", "remark", "create_date", "create_user_id", "create_user_name", "update_date", "update_user_id", "update_user_name", "delete_flag") VALUES ('adcde74c24249bcb34910604d512ba09', '2833553bc5325d115fdfb07d68724511', '36d8a9938202c43c0f20012d03ab6d9f', '9f0a8dc868c1da3383491306a497fb1c', NULL, '2025-11-28 14:17:59', '72b7624ee7c21868ba1b7668cf907a2f', 'admin1', '2025-11-28 14:17:59', '72b7624ee7c21868ba1b7668cf907a2f', 'admin1', 0);
INSERT INTO "public"."auth_role_menu" ("arm_id", "menu_id", "role_id", "project_id", "remark", "create_date", "create_user_id", "create_user_name", "update_date", "update_user_id", "update_user_name", "delete_flag") VALUES ('b3728bcf83428412ccddbc6b19ea77cc', '734662ceea3611437918b1bcf78df373', '89a7608570d84b752e30910b8a9aac44', '9f0a8dc868c1da3383491306a497fb1c', NULL, '2025-11-28 14:17:51', '72b7624ee7c21868ba1b7668cf907a2f', 'admin1', '2025-11-28 14:17:51', '72b7624ee7c21868ba1b7668cf907a2f', 'admin1', 0);
INSERT INTO "public"."auth_role_menu" ("arm_id", "menu_id", "role_id", "project_id", "remark", "create_date", "create_user_id", "create_user_name", "update_date", "update_user_id", "update_user_name", "delete_flag") VALUES ('b5010aebbf5e76dec1600d317823e092', '734662ceea3611437918b1bcf78df373', '09eec3781608feb8c089333f8ea32400', '9f0a8dc868c1da3383491306a497fb1c', NULL, '2025-11-28 14:17:38', '72b7624ee7c21868ba1b7668cf907a2f', 'admin1', '2025-11-28 14:17:38', '72b7624ee7c21868ba1b7668cf907a2f', 'admin1', 0);
INSERT INTO "public"."auth_role_menu" ("arm_id", "menu_id", "role_id", "project_id", "remark", "create_date", "create_user_id", "create_user_name", "update_date", "update_user_id", "update_user_name", "delete_flag") VALUES ('b762a5aac630d0fdaac9106a67d13299', '6bd03b9eedfda6bdc5d1452185c3705c', '89a7608570d84b752e30910b8a9aac44', '9f0a8dc868c1da3383491306a497fb1c', NULL, '2025-11-28 14:17:51', '72b7624ee7c21868ba1b7668cf907a2f', 'admin1', '2025-11-28 14:17:51', '72b7624ee7c21868ba1b7668cf907a2f', 'admin1', 0);
INSERT INTO "public"."auth_role_menu" ("arm_id", "menu_id", "role_id", "project_id", "remark", "create_date", "create_user_id", "create_user_name", "update_date", "update_user_id", "update_user_name", "delete_flag") VALUES ('b8825513f4ea122ecbfe601b30d9ac93', '01e4ea665b50e1be5acaaf583c1b730e', '36d8a9938202c43c0f20012d03ab6d9f', '9f0a8dc868c1da3383491306a497fb1c', NULL, '2025-11-28 14:17:59', '72b7624ee7c21868ba1b7668cf907a2f', 'admin1', '2025-11-28 14:17:59', '72b7624ee7c21868ba1b7668cf907a2f', 'admin1', 0);
INSERT INTO "public"."auth_role_menu" ("arm_id", "menu_id", "role_id", "project_id", "remark", "create_date", "create_user_id", "create_user_name", "update_date", "update_user_id", "update_user_name", "delete_flag") VALUES ('b8f8603e0633c6e9dfeb806d906b10d2', '98f4cf79dae8566c205b829183b2e5ab', '89a7608570d84b752e30910b8a9aac44', '9f0a8dc868c1da3383491306a497fb1c', NULL, '2025-11-28 14:17:51', '72b7624ee7c21868ba1b7668cf907a2f', 'admin1', '2025-11-28 14:17:51', '72b7624ee7c21868ba1b7668cf907a2f', 'admin1', 0);
INSERT INTO "public"."auth_role_menu" ("arm_id", "menu_id", "role_id", "project_id", "remark", "create_date", "create_user_id", "create_user_name", "update_date", "update_user_id", "update_user_name", "delete_flag") VALUES ('c17db2c6c507004da82a114c81534854', '6bd03b9eedfda6bdc5d1452185c3705c', '36d8a9938202c43c0f20012d03ab6d9f', '9f0a8dc868c1da3383491306a497fb1c', NULL, '2025-11-28 14:17:59', '72b7624ee7c21868ba1b7668cf907a2f', 'admin1', '2025-11-28 14:17:59', '72b7624ee7c21868ba1b7668cf907a2f', 'admin1', 0);
INSERT INTO "public"."auth_role_menu" ("arm_id", "menu_id", "role_id", "project_id", "remark", "create_date", "create_user_id", "create_user_name", "update_date", "update_user_id", "update_user_name", "delete_flag") VALUES ('c188f785eb2cb328f6bb43632dd9679e', '30b947a905b2cbcfdf2742a613a631e4', '09eec3781608feb8c089333f8ea32400', '9f0a8dc868c1da3383491306a497fb1c', NULL, '2025-11-28 14:17:37', '72b7624ee7c21868ba1b7668cf907a2f', 'admin1', '2025-11-28 14:17:37', '72b7624ee7c21868ba1b7668cf907a2f', 'admin1', 0);
INSERT INTO "public"."auth_role_menu" ("arm_id", "menu_id", "role_id", "project_id", "remark", "create_date", "create_user_id", "create_user_name", "update_date", "update_user_id", "update_user_name", "delete_flag") VALUES ('c289f1500661af8ec222a8865af94e1f', '1708839815bb617fd23f2288def607a2', '36d8a9938202c43c0f20012d03ab6d9f', '9f0a8dc868c1da3383491306a497fb1c', NULL, '2025-11-28 14:17:59', '72b7624ee7c21868ba1b7668cf907a2f', 'admin1', '2025-11-28 14:17:59', '72b7624ee7c21868ba1b7668cf907a2f', 'admin1', 0);
INSERT INTO "public"."auth_role_menu" ("arm_id", "menu_id", "role_id", "project_id", "remark", "create_date", "create_user_id", "create_user_name", "update_date", "update_user_id", "update_user_name", "delete_flag") VALUES ('c28b39f22affc494a97aef6812412499', 'be25bc90ef8f80749d2707f1eaa29e75', '89a7608570d84b752e30910b8a9aac44', '9f0a8dc868c1da3383491306a497fb1c', NULL, '2025-11-28 14:17:51', '72b7624ee7c21868ba1b7668cf907a2f', 'admin1', '2025-11-28 14:17:51', '72b7624ee7c21868ba1b7668cf907a2f', 'admin1', 0);
INSERT INTO "public"."auth_role_menu" ("arm_id", "menu_id", "role_id", "project_id", "remark", "create_date", "create_user_id", "create_user_name", "update_date", "update_user_id", "update_user_name", "delete_flag") VALUES ('c2a8b4cadd7d99422340c82cf67f083c', 'e97bcc13ab0d9c181463bb5bb9d5c909', '36d8a9938202c43c0f20012d03ab6d9f', '9f0a8dc868c1da3383491306a497fb1c', NULL, '2025-11-28 14:17:59', '72b7624ee7c21868ba1b7668cf907a2f', 'admin1', '2025-11-28 14:17:59', '72b7624ee7c21868ba1b7668cf907a2f', 'admin1', 0);
INSERT INTO "public"."auth_role_menu" ("arm_id", "menu_id", "role_id", "project_id", "remark", "create_date", "create_user_id", "create_user_name", "update_date", "update_user_id", "update_user_name", "delete_flag") VALUES ('cabc08a63b93c25a1bdf988b9701c587', 'c4043bed7c13fa4e7993579a68969bd0', '09eec3781608feb8c089333f8ea32400', '9f0a8dc868c1da3383491306a497fb1c', NULL, '2025-11-28 14:17:38', '72b7624ee7c21868ba1b7668cf907a2f', 'admin1', '2025-11-28 14:17:38', '72b7624ee7c21868ba1b7668cf907a2f', 'admin1', 0);
INSERT INTO "public"."auth_role_menu" ("arm_id", "menu_id", "role_id", "project_id", "remark", "create_date", "create_user_id", "create_user_name", "update_date", "update_user_id", "update_user_name", "delete_flag") VALUES ('d024abf3429cedb55515b6778225bedc', '1cb7087f8309419a0fef940ded27fb67', '09eec3781608feb8c089333f8ea32400', '9f0a8dc868c1da3383491306a497fb1c', NULL, '2025-11-28 14:17:38', '72b7624ee7c21868ba1b7668cf907a2f', 'admin1', '2025-11-28 14:17:38', '72b7624ee7c21868ba1b7668cf907a2f', 'admin1', 0);
INSERT INTO "public"."auth_role_menu" ("arm_id", "menu_id", "role_id", "project_id", "remark", "create_date", "create_user_id", "create_user_name", "update_date", "update_user_id", "update_user_name", "delete_flag") VALUES ('d59629744bde76810833af906798ba7d', 'd504ea0f6437e22a745a6e953e9245b3', '89a7608570d84b752e30910b8a9aac44', '9f0a8dc868c1da3383491306a497fb1c', NULL, '2025-11-28 14:17:51', '72b7624ee7c21868ba1b7668cf907a2f', 'admin1', '2025-11-28 14:17:51', '72b7624ee7c21868ba1b7668cf907a2f', 'admin1', 0);
INSERT INTO "public"."auth_role_menu" ("arm_id", "menu_id", "role_id", "project_id", "remark", "create_date", "create_user_id", "create_user_name", "update_date", "update_user_id", "update_user_name", "delete_flag") VALUES ('d9cbaccadf908ce2293cb30961aafedd', '2833553bc5325d115fdfb07d68724511', '09eec3781608feb8c089333f8ea32400', '9f0a8dc868c1da3383491306a497fb1c', NULL, '2025-11-28 14:17:38', '72b7624ee7c21868ba1b7668cf907a2f', 'admin1', '2025-11-28 14:17:38', '72b7624ee7c21868ba1b7668cf907a2f', 'admin1', 0);
INSERT INTO "public"."auth_role_menu" ("arm_id", "menu_id", "role_id", "project_id", "remark", "create_date", "create_user_id", "create_user_name", "update_date", "update_user_id", "update_user_name", "delete_flag") VALUES ('e1554233f33eab299eda3cad7c76df13', '1cb7087f8309419a0fef940ded27fb67', '89a7608570d84b752e30910b8a9aac44', '9f0a8dc868c1da3383491306a497fb1c', NULL, '2025-11-28 14:17:51', '72b7624ee7c21868ba1b7668cf907a2f', 'admin1', '2025-11-28 14:17:51', '72b7624ee7c21868ba1b7668cf907a2f', 'admin1', 0);
INSERT INTO "public"."auth_role_menu" ("arm_id", "menu_id", "role_id", "project_id", "remark", "create_date", "create_user_id", "create_user_name", "update_date", "update_user_id", "update_user_name", "delete_flag") VALUES ('e9a5e6efa997c5ed469220f5e6499fee', '1708839815bb617fd23f2288def607a2', '89a7608570d84b752e30910b8a9aac44', '9f0a8dc868c1da3383491306a497fb1c', NULL, '2025-11-28 14:17:51', '72b7624ee7c21868ba1b7668cf907a2f', 'admin1', '2025-11-28 14:17:51', '72b7624ee7c21868ba1b7668cf907a2f', 'admin1', 0);
INSERT INTO "public"."auth_role_menu" ("arm_id", "menu_id", "role_id", "project_id", "remark", "create_date", "create_user_id", "create_user_name", "update_date", "update_user_id", "update_user_name", "delete_flag") VALUES ('ecac0e3821a79883dabbcc3df2043a95', '7edb03629830c5b55946ef205cf84943', '89a7608570d84b752e30910b8a9aac44', '9f0a8dc868c1da3383491306a497fb1c', NULL, '2025-11-28 14:17:51', '72b7624ee7c21868ba1b7668cf907a2f', 'admin1', '2025-11-28 14:17:51', '72b7624ee7c21868ba1b7668cf907a2f', 'admin1', 0);
INSERT INTO "public"."auth_role_menu" ("arm_id", "menu_id", "role_id", "project_id", "remark", "create_date", "create_user_id", "create_user_name", "update_date", "update_user_id", "update_user_name", "delete_flag") VALUES ('ed649b2e5096ed46f4ae3e950b7ed760', 'd504ea0f6437e22a745a6e953e9245b3', '09eec3781608feb8c089333f8ea32400', '9f0a8dc868c1da3383491306a497fb1c', NULL, '2025-11-28 14:17:38', '72b7624ee7c21868ba1b7668cf907a2f', 'admin1', '2025-11-28 14:17:38', '72b7624ee7c21868ba1b7668cf907a2f', 'admin1', 0);
INSERT INTO "public"."auth_role_menu" ("arm_id", "menu_id", "role_id", "project_id", "remark", "create_date", "create_user_id", "create_user_name", "update_date", "update_user_id", "update_user_name", "delete_flag") VALUES ('f1c6e1ec5c70a5f232499f2258581738', '415baa7219a57835f5474a5b102f771a', '89a7608570d84b752e30910b8a9aac44', '9f0a8dc868c1da3383491306a497fb1c', NULL, '2025-11-28 14:17:51', '72b7624ee7c21868ba1b7668cf907a2f', 'admin1', '2025-11-28 14:17:51', '72b7624ee7c21868ba1b7668cf907a2f', 'admin1', 0);
INSERT INTO "public"."auth_role_menu" ("arm_id", "menu_id", "role_id", "project_id", "remark", "create_date", "create_user_id", "create_user_name", "update_date", "update_user_id", "update_user_name", "delete_flag") VALUES ('f1d39ad6109972010ff96ac0792ec008', '9f1b61166b6a7fc4b4cb801955e96950', '09eec3781608feb8c089333f8ea32400', '9f0a8dc868c1da3383491306a497fb1c', NULL, '2025-11-28 14:17:37', '72b7624ee7c21868ba1b7668cf907a2f', 'admin1', '2025-11-28 14:17:37', '72b7624ee7c21868ba1b7668cf907a2f', 'admin1', 0);
INSERT INTO "public"."auth_role_menu" ("arm_id", "menu_id", "role_id", "project_id", "remark", "create_date", "create_user_id", "create_user_name", "update_date", "update_user_id", "update_user_name", "delete_flag") VALUES ('f2daa3761266658cc5d654871ae49df1', 'c4043bed7c13fa4e7993579a68969bd0', '89a7608570d84b752e30910b8a9aac44', '9f0a8dc868c1da3383491306a497fb1c', NULL, '2025-11-28 14:17:51', '72b7624ee7c21868ba1b7668cf907a2f', 'admin1', '2025-11-28 14:17:51', '72b7624ee7c21868ba1b7668cf907a2f', 'admin1', 0);
INSERT INTO "public"."auth_role_menu" ("arm_id", "menu_id", "role_id", "project_id", "remark", "create_date", "create_user_id", "create_user_name", "update_date", "update_user_id", "update_user_name", "delete_flag") VALUES ('f4b5f99fa097b4f4cd4635ac74b737b5', '734662ceea3611437918b1bcf78df373', '36d8a9938202c43c0f20012d03ab6d9f', '9f0a8dc868c1da3383491306a497fb1c', NULL, '2025-11-28 14:17:59', '72b7624ee7c21868ba1b7668cf907a2f', 'admin1', '2025-11-28 14:17:59', '72b7624ee7c21868ba1b7668cf907a2f', 'admin1', 0);
INSERT INTO "public"."auth_role_menu" ("arm_id", "menu_id", "role_id", "project_id", "remark", "create_date", "create_user_id", "create_user_name", "update_date", "update_user_id", "update_user_name", "delete_flag") VALUES ('f804f88e6ab7270448b3c1bc7f6352b6', 'e97bcc13ab0d9c181463bb5bb9d5c909', '89a7608570d84b752e30910b8a9aac44', '9f0a8dc868c1da3383491306a497fb1c', NULL, '2025-11-28 14:17:51', '72b7624ee7c21868ba1b7668cf907a2f', 'admin1', '2025-11-28 14:17:51', '72b7624ee7c21868ba1b7668cf907a2f', 'admin1', 0);
INSERT INTO "public"."auth_role_menu" ("arm_id", "menu_id", "role_id", "project_id", "remark", "create_date", "create_user_id", "create_user_name", "update_date", "update_user_id", "update_user_name", "delete_flag") VALUES ('fd1b8d6525c7156adb56370d4e8673c5', 'd38cc8a8fa28e0c66070e562ad60d4e3', '89a7608570d84b752e30910b8a9aac44', '9f0a8dc868c1da3383491306a497fb1c', NULL, '2025-11-28 14:17:51', '72b7624ee7c21868ba1b7668cf907a2f', 'admin1', '2025-11-28 14:17:51', '72b7624ee7c21868ba1b7668cf907a2f', 'admin1', 0);

