INSERT INTO `kunpeng_auth`.`auth_user`(`user_id`, `user_name`, `password`, `job_number`, `real_name`, `nick_name`, `email`, `phone_number`, `sex`, `avatar`, `status`, `user_status`, `id_card`, `entry_date`, `official_date`, `dimission_date`, `source`, `login_ip`, `login_date`, `lock_date`, `remark`, `create_date`, `create_user_id`, `create_user_name`, `update_date`, `update_user_id`, `update_user_name`, `delete_flag`) VALUES ('1069f57a3c34c01f31c85a078077d4c7', 'admin', '$2a$10$EVlj4h5XdOuqynGmF.egOOM/XGtx1NVb9hmA33lp1L1beOv/QxCb6', 'admin', 'admin', 'admin', NULL, '17600000000', 2, NULL, 1, 2, NULL, NULL, NULL, NULL, '鉴权系统', NULL, NULL, NULL, NULL, '2025-05-07 14:13:22', '72b7624ee7c21868ba1b7668cf907a2f', '超级管理员', '2025-05-09 10:08:16', '72b7624ee7c21868ba1b7668cf907a2f', '超级管理员', 0);
INSERT INTO `kunpeng_auth`.`auth_user`(`user_id`, `user_name`, `password`, `job_number`, `real_name`, `nick_name`, `email`, `phone_number`, `sex`, `avatar`, `status`, `user_status`, `id_card`, `entry_date`, `official_date`, `dimission_date`, `source`, `login_ip`, `login_date`, `lock_date`, `remark`, `create_date`, `create_user_id`, `create_user_name`, `update_date`, `update_user_id`, `update_user_name`, `delete_flag`) VALUES ('3830638e3a1f8771d96f71fce71e665b', 'lipeng', '$2a$10$GFnZu5g.AlKrpdIpYpTzJuVzOkSi4zYgOoupaD3xjhuBJaxfZ.SWe', '0066', '李鹏', '李鹏', '920297199@qq.com', '17600000000', 1, NULL, 1, 2, '1152634199401281111', '2024-05-01', '2024-07-31', NULL, '鉴权系统', '192.168.0.91', '2025-06-09 14:43:10', NULL, '开源作者，如果觉得不错，支持一下', '2025-05-07 15:52:55', '72b7624ee7c21868ba1b7668cf907a2f', '超级管理员', '2025-06-09 14:43:10', NULL, NULL, 0);
INSERT INTO `kunpeng_auth`.`auth_user`(`user_id`, `user_name`, `password`, `job_number`, `real_name`, `nick_name`, `email`, `phone_number`, `sex`, `avatar`, `status`, `user_status`, `id_card`, `entry_date`, `official_date`, `dimission_date`, `source`, `login_ip`, `login_date`, `lock_date`, `remark`, `create_date`, `create_user_id`, `create_user_name`, `update_date`, `update_user_id`, `update_user_name`, `delete_flag`) VALUES ('40eda2a166f575073cefbdae35dc0d0f', 'sunqi', '$2a$10$DV8zU7YZX5WnOYorI3ZPd.hGifGBtZjCKhD5YnkA7Z4FFtE.RXrrq', '0005', '孙七', '小七', NULL, '17600000000', 1, NULL, 1, 1, NULL, NULL, NULL, NULL, '鉴权系统', NULL, NULL, NULL, NULL, '2025-05-07 14:24:40', '72b7624ee7c21868ba1b7668cf907a2f', '超级管理员', '2025-05-07 17:12:38', '72b7624ee7c21868ba1b7668cf907a2f', '超级管理员', 0);
INSERT INTO `kunpeng_auth`.`auth_user`(`user_id`, `user_name`, `password`, `job_number`, `real_name`, `nick_name`, `email`, `phone_number`, `sex`, `avatar`, `status`, `user_status`, `id_card`, `entry_date`, `official_date`, `dimission_date`, `source`, `login_ip`, `login_date`, `lock_date`, `remark`, `create_date`, `create_user_id`, `create_user_name`, `update_date`, `update_user_id`, `update_user_name`, `delete_flag`) VALUES ('60ebf59be1179295e57a2df98272dc26', 'lisi', '$2a$10$NRqPKUS7IBqZk7W/HDnNC.gY5yUTLUOfCOZcC9bpER.GSiQl2Xa/2', '0002', '李四', '小四', NULL, '17600000000', 1, NULL, 1, 1, NULL, NULL, NULL, NULL, '鉴权系统', NULL, NULL, NULL, NULL, '2025-05-07 14:19:05', '72b7624ee7c21868ba1b7668cf907a2f', '超级管理员', '2025-05-07 17:12:44', '72b7624ee7c21868ba1b7668cf907a2f', '超级管理员', 0);
INSERT INTO `kunpeng_auth`.`auth_user`(`user_id`, `user_name`, `password`, `job_number`, `real_name`, `nick_name`, `email`, `phone_number`, `sex`, `avatar`, `status`, `user_status`, `id_card`, `entry_date`, `official_date`, `dimission_date`, `source`, `login_ip`, `login_date`, `lock_date`, `remark`, `create_date`, `create_user_id`, `create_user_name`, `update_date`, `update_user_id`, `update_user_name`, `delete_flag`) VALUES ('72b7624ee7c21868ba1b7668cf907a2f', 'admin1', '$2a$10$uAieYWn60mvmRlNCxKNQtOEqK6MUItK6Ha5yP5x/yzcjnc/WA1FAi', 'admin1', '超级管理员', '超级管理员', NULL, '17600000000', 2, NULL, 1, 2, NULL, NULL, NULL, NULL, '鉴权系统', '192.168.0.91', '2025-06-10 11:49:19', NULL, NULL, '2025-05-07 11:29:16', '72b7624ee7c21868ba1b7668cf907a2f', '超级管理员', '2025-06-10 11:49:19', NULL, NULL, 0);
INSERT INTO `kunpeng_auth`.`auth_user`(`user_id`, `user_name`, `password`, `job_number`, `real_name`, `nick_name`, `email`, `phone_number`, `sex`, `avatar`, `status`, `user_status`, `id_card`, `entry_date`, `official_date`, `dimission_date`, `source`, `login_ip`, `login_date`, `lock_date`, `remark`, `create_date`, `create_user_id`, `create_user_name`, `update_date`, `update_user_id`, `update_user_name`, `delete_flag`) VALUES ('b1a32b6e50d2f285d30a998c0421a0bd', 'zhouba', '$2a$10$vH0Ew8ugIB8Rxu8NeOWMvOH69mHhInp3nybAkulGqi.3OJkkoUAiq', '0006', '周八', '小八', NULL, '17600000000', 1, NULL, 1, 1, NULL, NULL, NULL, NULL, '鉴权系统', NULL, NULL, NULL, NULL, '2025-05-07 14:25:17', '72b7624ee7c21868ba1b7668cf907a2f', '超级管理员', '2025-05-08 17:15:20', '72b7624ee7c21868ba1b7668cf907a2f', '超级管理员', 0);
INSERT INTO `kunpeng_auth`.`auth_user`(`user_id`, `user_name`, `password`, `job_number`, `real_name`, `nick_name`, `email`, `phone_number`, `sex`, `avatar`, `status`, `user_status`, `id_card`, `entry_date`, `official_date`, `dimission_date`, `source`, `login_ip`, `login_date`, `lock_date`, `remark`, `create_date`, `create_user_id`, `create_user_name`, `update_date`, `update_user_id`, `update_user_name`, `delete_flag`) VALUES ('b390b854c2a705467d5b31d34c24dde7', 'wangwu', '$2a$10$jIhj0egWXUwvyzIEPwIgcOZcwXcDkqKnwALLtORteGT4GzMVcKjka', '0003', '王五', '王五', NULL, '17600000000', 1, NULL, 1, 1, NULL, NULL, NULL, NULL, '鉴权系统', NULL, NULL, NULL, NULL, '2025-05-07 14:22:13', '72b7624ee7c21868ba1b7668cf907a2f', '超级管理员', '2025-05-07 17:12:41', '72b7624ee7c21868ba1b7668cf907a2f', '超级管理员', 0);
INSERT INTO `kunpeng_auth`.`auth_user`(`user_id`, `user_name`, `password`, `job_number`, `real_name`, `nick_name`, `email`, `phone_number`, `sex`, `avatar`, `status`, `user_status`, `id_card`, `entry_date`, `official_date`, `dimission_date`, `source`, `login_ip`, `login_date`, `lock_date`, `remark`, `create_date`, `create_user_id`, `create_user_name`, `update_date`, `update_user_id`, `update_user_name`, `delete_flag`) VALUES ('c6cc41a137cba72cc3f253a411798f96', 'wujiu', '$2a$10$fgqrRKKS7xEBENpwmd1eWe54SyxDcjwshS38V49lvLSSkUkBbOoMi', '0007', '吴九', '小九', NULL, '17600000000', 1, NULL, 1, 1, NULL, NULL, NULL, NULL, '鉴权系统', NULL, NULL, NULL, NULL, '2025-05-07 14:26:19', '72b7624ee7c21868ba1b7668cf907a2f', '超级管理员', '2025-05-08 17:14:51', '72b7624ee7c21868ba1b7668cf907a2f', '超级管理员', 0);
INSERT INTO `kunpeng_auth`.`auth_user`(`user_id`, `user_name`, `password`, `job_number`, `real_name`, `nick_name`, `email`, `phone_number`, `sex`, `avatar`, `status`, `user_status`, `id_card`, `entry_date`, `official_date`, `dimission_date`, `source`, `login_ip`, `login_date`, `lock_date`, `remark`, `create_date`, `create_user_id`, `create_user_name`, `update_date`, `update_user_id`, `update_user_name`, `delete_flag`) VALUES ('c78c88f35b289a61ec8540194dfeb024', 'zhengshi', '$2a$10$6uTL93z8CIi4JeY0RTlk7.0hdABMeZdZy8z1.B0OLo.OJguLEJi72', '0008', '郑十', '小十', '17600000000@qq.com', '17600000000', 0, NULL, 1, 1, '152634199401282220', '2025-04-30', '2025-05-31', NULL, '鉴权系统', '192.168.0.91', '2025-06-09 14:43:47', NULL, NULL, '2025-05-07 14:27:27', '72b7624ee7c21868ba1b7668cf907a2f', '超级管理员', '2025-06-09 14:43:47', NULL, NULL, 0);
INSERT INTO `kunpeng_auth`.`auth_user`(`user_id`, `user_name`, `password`, `job_number`, `real_name`, `nick_name`, `email`, `phone_number`, `sex`, `avatar`, `status`, `user_status`, `id_card`, `entry_date`, `official_date`, `dimission_date`, `source`, `login_ip`, `login_date`, `lock_date`, `remark`, `create_date`, `create_user_id`, `create_user_name`, `update_date`, `update_user_id`, `update_user_name`, `delete_flag`) VALUES ('ea9af868f0389196f2969148618ba651', 'zhaoliu', '$2a$10$VbpxW6IJ.IvjbL5jgz8N7eOhVDHjWeL2BjHJwuucYBBnAboW4Cy96', '0004', '赵六', '小六', NULL, '17600000000', 1, NULL, 1, 1, NULL, NULL, NULL, NULL, '鉴权系统', NULL, NULL, NULL, NULL, '2025-05-07 14:22:58', '72b7624ee7c21868ba1b7668cf907a2f', '超级管理员', '2025-05-07 17:12:40', '72b7624ee7c21868ba1b7668cf907a2f', '超级管理员', 0);
INSERT INTO `kunpeng_auth`.`auth_user`(`user_id`, `user_name`, `password`, `job_number`, `real_name`, `nick_name`, `email`, `phone_number`, `sex`, `avatar`, `status`, `user_status`, `id_card`, `entry_date`, `official_date`, `dimission_date`, `source`, `login_ip`, `login_date`, `lock_date`, `remark`, `create_date`, `create_user_id`, `create_user_name`, `update_date`, `update_user_id`, `update_user_name`, `delete_flag`) VALUES ('f6c6b944973ec6951774b0ef221e3458', 'zhangsan', '$2a$10$5WUfIVLcR/fn84GJrFus1O7t8xe4cPTOp8wKz//4pXOwhkmkdH5jy', '0001', '张三', '小三', NULL, '17600000000', 0, NULL, 1, 1, NULL, NULL, NULL, NULL, '鉴权系统', NULL, NULL, NULL, NULL, '2025-05-07 14:15:18', '72b7624ee7c21868ba1b7668cf907a2f', '超级管理员', '2025-05-09 10:08:04', '72b7624ee7c21868ba1b7668cf907a2f', '超级管理员', 0);


INSERT INTO `kunpeng_auth`.`auth_user_dept`(`aud_id`, `user_id`, `dept_id`, `principal`, `remark`, `create_date`, `create_user_id`, `create_user_name`, `update_date`, `update_user_id`, `update_user_name`, `delete_flag`) VALUES ('12ade209c673eb22ae4af9929a1b57ef', '60ebf59be1179295e57a2df98272dc26', 'fc9dfec97a7f9f9eb9f0ef56492cd979', 0, NULL, '2025-05-07 17:12:44', '72b7624ee7c21868ba1b7668cf907a2f', '超级管理员', '2025-05-07 17:12:44', '72b7624ee7c21868ba1b7668cf907a2f', '超级管理员', 0);
INSERT INTO `kunpeng_auth`.`auth_user_dept`(`aud_id`, `user_id`, `dept_id`, `principal`, `remark`, `create_date`, `create_user_id`, `create_user_name`, `update_date`, `update_user_id`, `update_user_name`, `delete_flag`) VALUES ('2fd0f9898471c36709576b83dddf11bd', 'b1a32b6e50d2f285d30a998c0421a0bd', 'c59c109a13fc55d90298f157584f52eb', 1, NULL, '2025-05-07 17:12:36', '72b7624ee7c21868ba1b7668cf907a2f', '超级管理员', '2025-05-07 17:12:36', '72b7624ee7c21868ba1b7668cf907a2f', '超级管理员', 0);
INSERT INTO `kunpeng_auth`.`auth_user_dept`(`aud_id`, `user_id`, `dept_id`, `principal`, `remark`, `create_date`, `create_user_id`, `create_user_name`, `update_date`, `update_user_id`, `update_user_name`, `delete_flag`) VALUES ('33638812d81e4d566c649d2238166af5', '1069f57a3c34c01f31c85a078077d4c7', 'e6abc20ebbc20af0ad536410d4adb6d6', 0, NULL, '2025-05-07 17:12:49', '72b7624ee7c21868ba1b7668cf907a2f', '超级管理员', '2025-05-07 17:12:49', '72b7624ee7c21868ba1b7668cf907a2f', '超级管理员', 0);
INSERT INTO `kunpeng_auth`.`auth_user_dept`(`aud_id`, `user_id`, `dept_id`, `principal`, `remark`, `create_date`, `create_user_id`, `create_user_name`, `update_date`, `update_user_id`, `update_user_name`, `delete_flag`) VALUES ('602b372b9eb35cfa259813c819b917f4', '3830638e3a1f8771d96f71fce71e665b', 'fc9dfec97a7f9f9eb9f0ef56492cd979', 0, NULL, '2025-05-07 17:12:27', '72b7624ee7c21868ba1b7668cf907a2f', '超级管理员', '2025-05-07 17:12:27', '72b7624ee7c21868ba1b7668cf907a2f', '超级管理员', 0);
INSERT INTO `kunpeng_auth`.`auth_user_dept`(`aud_id`, `user_id`, `dept_id`, `principal`, `remark`, `create_date`, `create_user_id`, `create_user_name`, `update_date`, `update_user_id`, `update_user_name`, `delete_flag`) VALUES ('6218806acd82897a3408007e6abc7650', 'c78c88f35b289a61ec8540194dfeb024', '0910af7206889b7925d377c1c6a29ff3', 1, NULL, '2025-05-07 17:12:31', '72b7624ee7c21868ba1b7668cf907a2f', '超级管理员', '2025-05-07 17:12:31', '72b7624ee7c21868ba1b7668cf907a2f', '超级管理员', 0);
INSERT INTO `kunpeng_auth`.`auth_user_dept`(`aud_id`, `user_id`, `dept_id`, `principal`, `remark`, `create_date`, `create_user_id`, `create_user_name`, `update_date`, `update_user_id`, `update_user_name`, `delete_flag`) VALUES ('6cf5cc55cb739323cd99d56061a5ae51', '3830638e3a1f8771d96f71fce71e665b', 'af9218ea2274cc5d8f248c3d01b33b15', 1, NULL, '2025-05-07 17:12:27', '72b7624ee7c21868ba1b7668cf907a2f', '超级管理员', '2025-05-07 17:12:27', '72b7624ee7c21868ba1b7668cf907a2f', '超级管理员', 0);
INSERT INTO `kunpeng_auth`.`auth_user_dept`(`aud_id`, `user_id`, `dept_id`, `principal`, `remark`, `create_date`, `create_user_id`, `create_user_name`, `update_date`, `update_user_id`, `update_user_name`, `delete_flag`) VALUES ('7659bf4cbd9c5b92ed62b6d0983ac3bc', 'ea9af868f0389196f2969148618ba651', 'fe23bbcc817d338d15e95060e628deac', 0, NULL, '2025-05-07 17:12:40', '72b7624ee7c21868ba1b7668cf907a2f', '超级管理员', '2025-05-07 17:12:40', '72b7624ee7c21868ba1b7668cf907a2f', '超级管理员', 0);
INSERT INTO `kunpeng_auth`.`auth_user_dept`(`aud_id`, `user_id`, `dept_id`, `principal`, `remark`, `create_date`, `create_user_id`, `create_user_name`, `update_date`, `update_user_id`, `update_user_name`, `delete_flag`) VALUES ('7b4c25e5653e129b87b77735709ac883', 'c6cc41a137cba72cc3f253a411798f96', 'e0baf8be5c61a4b8b7db1d528ce776a4', 1, NULL, '2025-05-07 17:12:34', '72b7624ee7c21868ba1b7668cf907a2f', '超级管理员', '2025-05-07 17:12:34', '72b7624ee7c21868ba1b7668cf907a2f', '超级管理员', 0);
INSERT INTO `kunpeng_auth`.`auth_user_dept`(`aud_id`, `user_id`, `dept_id`, `principal`, `remark`, `create_date`, `create_user_id`, `create_user_name`, `update_date`, `update_user_id`, `update_user_name`, `delete_flag`) VALUES ('cd79537aac5092261ea79735899896bd', '72b7624ee7c21868ba1b7668cf907a2f', 'e6abc20ebbc20af0ad536410d4adb6d6', 0, NULL, '2025-05-07 17:12:54', '72b7624ee7c21868ba1b7668cf907a2f', '超级管理员', '2025-05-07 17:12:54', '72b7624ee7c21868ba1b7668cf907a2f', '超级管理员', 0);
INSERT INTO `kunpeng_auth`.`auth_user_dept`(`aud_id`, `user_id`, `dept_id`, `principal`, `remark`, `create_date`, `create_user_id`, `create_user_name`, `update_date`, `update_user_id`, `update_user_name`, `delete_flag`) VALUES ('d5ee4b46e5ea5d7ae2ba2067574b9066', 'f6c6b944973ec6951774b0ef221e3458', 'fc9dfec97a7f9f9eb9f0ef56492cd979', 0, NULL, '2025-05-07 17:12:47', '72b7624ee7c21868ba1b7668cf907a2f', '超级管理员', '2025-05-07 17:12:47', '72b7624ee7c21868ba1b7668cf907a2f', '超级管理员', 0);
INSERT INTO `kunpeng_auth`.`auth_user_dept`(`aud_id`, `user_id`, `dept_id`, `principal`, `remark`, `create_date`, `create_user_id`, `create_user_name`, `update_date`, `update_user_id`, `update_user_name`, `delete_flag`) VALUES ('dfd5fa9000e956eeefef15c8660b3be4', 'b390b854c2a705467d5b31d34c24dde7', '435b5984503d43f8888a5cc448141ceb', 1, NULL, '2025-05-07 17:12:41', '72b7624ee7c21868ba1b7668cf907a2f', '超级管理员', '2025-05-07 17:12:41', '72b7624ee7c21868ba1b7668cf907a2f', '超级管理员', 0);
INSERT INTO `kunpeng_auth`.`auth_user_dept`(`aud_id`, `user_id`, `dept_id`, `principal`, `remark`, `create_date`, `create_user_id`, `create_user_name`, `update_date`, `update_user_id`, `update_user_name`, `delete_flag`) VALUES ('e8cbaaddf41ba8837a7833c80d9a1e2c', 'f6c6b944973ec6951774b0ef221e3458', 'af9218ea2274cc5d8f248c3d01b33b15', 0, NULL, '2025-05-07 17:12:47', '72b7624ee7c21868ba1b7668cf907a2f', '超级管理员', '2025-05-07 17:12:47', '72b7624ee7c21868ba1b7668cf907a2f', '超级管理员', 0);
INSERT INTO `kunpeng_auth`.`auth_user_dept`(`aud_id`, `user_id`, `dept_id`, `principal`, `remark`, `create_date`, `create_user_id`, `create_user_name`, `update_date`, `update_user_id`, `update_user_name`, `delete_flag`) VALUES ('eb0e69ebf20730f95f3a7f974304650c', '40eda2a166f575073cefbdae35dc0d0f', 'fe067e48b91fa509fe23ae85b68f0b66', 0, NULL, '2025-05-07 17:12:38', '72b7624ee7c21868ba1b7668cf907a2f', '超级管理员', '2025-05-07 17:12:38', '72b7624ee7c21868ba1b7668cf907a2f', '超级管理员', 0);

INSERT INTO `kunpeng_auth`.`auth_user_post`(`aup_id`, `user_id`, `post_id`, `remark`, `create_date`, `create_user_id`, `create_user_name`, `update_date`, `update_user_id`, `update_user_name`, `delete_flag`) VALUES ('0609f03ca9b9d8afb07e7f054c1973b9', 'b1a32b6e50d2f285d30a998c0421a0bd', '95cf435fb19381423bf67abb1986dd40', NULL, '2025-05-07 17:12:36', '72b7624ee7c21868ba1b7668cf907a2f', '超级管理员', '2025-05-07 17:12:36', '72b7624ee7c21868ba1b7668cf907a2f', '超级管理员', 0);
INSERT INTO `kunpeng_auth`.`auth_user_post`(`aup_id`, `user_id`, `post_id`, `remark`, `create_date`, `create_user_id`, `create_user_name`, `update_date`, `update_user_id`, `update_user_name`, `delete_flag`) VALUES ('095fe8836263ef0a9e88fd23c1a339b8', 'f6c6b944973ec6951774b0ef221e3458', '95cf435fb19381423bf67abb1986dd40', NULL, '2025-05-07 17:12:47', '72b7624ee7c21868ba1b7668cf907a2f', '超级管理员', '2025-05-07 17:12:47', '72b7624ee7c21868ba1b7668cf907a2f', '超级管理员', 0);
INSERT INTO `kunpeng_auth`.`auth_user_post`(`aup_id`, `user_id`, `post_id`, `remark`, `create_date`, `create_user_id`, `create_user_name`, `update_date`, `update_user_id`, `update_user_name`, `delete_flag`) VALUES ('1db209097b8cbf3fef8eb5355f6dd313', 'ea9af868f0389196f2969148618ba651', '95cf435fb19381423bf67abb1986dd40', NULL, '2025-05-07 17:12:40', '72b7624ee7c21868ba1b7668cf907a2f', '超级管理员', '2025-05-07 17:12:40', '72b7624ee7c21868ba1b7668cf907a2f', '超级管理员', 0);
INSERT INTO `kunpeng_auth`.`auth_user_post`(`aup_id`, `user_id`, `post_id`, `remark`, `create_date`, `create_user_id`, `create_user_name`, `update_date`, `update_user_id`, `update_user_name`, `delete_flag`) VALUES ('200f7bad9cd61069160c949b6d90e881', '1069f57a3c34c01f31c85a078077d4c7', '95cf435fb19381423bf67abb1986dd40', NULL, '2025-05-07 17:12:49', '72b7624ee7c21868ba1b7668cf907a2f', '超级管理员', '2025-05-07 17:12:49', '72b7624ee7c21868ba1b7668cf907a2f', '超级管理员', 0);
INSERT INTO `kunpeng_auth`.`auth_user_post`(`aup_id`, `user_id`, `post_id`, `remark`, `create_date`, `create_user_id`, `create_user_name`, `update_date`, `update_user_id`, `update_user_name`, `delete_flag`) VALUES ('28e21b7d1093cea5d3df4c857fec9847', '3830638e3a1f8771d96f71fce71e665b', '9d1a1b658bbf7b9fe1f874f16ee67551', NULL, '2025-05-07 17:12:27', '72b7624ee7c21868ba1b7668cf907a2f', '超级管理员', '2025-05-07 17:12:27', '72b7624ee7c21868ba1b7668cf907a2f', '超级管理员', 0);
INSERT INTO `kunpeng_auth`.`auth_user_post`(`aup_id`, `user_id`, `post_id`, `remark`, `create_date`, `create_user_id`, `create_user_name`, `update_date`, `update_user_id`, `update_user_name`, `delete_flag`) VALUES ('46cca8db22f26fd10e065838709ef9ff', '40eda2a166f575073cefbdae35dc0d0f', '95cf435fb19381423bf67abb1986dd40', NULL, '2025-05-07 17:12:38', '72b7624ee7c21868ba1b7668cf907a2f', '超级管理员', '2025-05-07 17:12:38', '72b7624ee7c21868ba1b7668cf907a2f', '超级管理员', 0);
INSERT INTO `kunpeng_auth`.`auth_user_post`(`aup_id`, `user_id`, `post_id`, `remark`, `create_date`, `create_user_id`, `create_user_name`, `update_date`, `update_user_id`, `update_user_name`, `delete_flag`) VALUES ('599e583ccf3434d9c942965cda75aac9', '3830638e3a1f8771d96f71fce71e665b', '4a8eddd612d77cd0acd1e0611e7c0b69', NULL, '2025-05-07 17:12:27', '72b7624ee7c21868ba1b7668cf907a2f', '超级管理员', '2025-05-07 17:12:27', '72b7624ee7c21868ba1b7668cf907a2f', '超级管理员', 0);
INSERT INTO `kunpeng_auth`.`auth_user_post`(`aup_id`, `user_id`, `post_id`, `remark`, `create_date`, `create_user_id`, `create_user_name`, `update_date`, `update_user_id`, `update_user_name`, `delete_flag`) VALUES ('6cd3313031d032ece414203a86211e75', '3830638e3a1f8771d96f71fce71e665b', 'fd2fa9545170d31d81e8a878db208edf', NULL, '2025-05-07 17:12:27', '72b7624ee7c21868ba1b7668cf907a2f', '超级管理员', '2025-05-07 17:12:27', '72b7624ee7c21868ba1b7668cf907a2f', '超级管理员', 0);
INSERT INTO `kunpeng_auth`.`auth_user_post`(`aup_id`, `user_id`, `post_id`, `remark`, `create_date`, `create_user_id`, `create_user_name`, `update_date`, `update_user_id`, `update_user_name`, `delete_flag`) VALUES ('899e081b0d26fa2c15d8a7223b34ac08', '60ebf59be1179295e57a2df98272dc26', '95cf435fb19381423bf67abb1986dd40', NULL, '2025-05-07 17:12:44', '72b7624ee7c21868ba1b7668cf907a2f', '超级管理员', '2025-05-07 17:12:44', '72b7624ee7c21868ba1b7668cf907a2f', '超级管理员', 0);
INSERT INTO `kunpeng_auth`.`auth_user_post`(`aup_id`, `user_id`, `post_id`, `remark`, `create_date`, `create_user_id`, `create_user_name`, `update_date`, `update_user_id`, `update_user_name`, `delete_flag`) VALUES ('976f202be418b61a46832d16d1e2bec1', '3830638e3a1f8771d96f71fce71e665b', '95cf435fb19381423bf67abb1986dd40', NULL, '2025-05-07 17:12:27', '72b7624ee7c21868ba1b7668cf907a2f', '超级管理员', '2025-05-07 17:12:27', '72b7624ee7c21868ba1b7668cf907a2f', '超级管理员', 0);
INSERT INTO `kunpeng_auth`.`auth_user_post`(`aup_id`, `user_id`, `post_id`, `remark`, `create_date`, `create_user_id`, `create_user_name`, `update_date`, `update_user_id`, `update_user_name`, `delete_flag`) VALUES ('a212dc621ce57b66e0d4ec349ea06851', '3830638e3a1f8771d96f71fce71e665b', '4cf66b2686ade2ac27b7937336754fab', NULL, '2025-05-07 17:12:27', '72b7624ee7c21868ba1b7668cf907a2f', '超级管理员', '2025-05-07 17:12:27', '72b7624ee7c21868ba1b7668cf907a2f', '超级管理员', 0);
INSERT INTO `kunpeng_auth`.`auth_user_post`(`aup_id`, `user_id`, `post_id`, `remark`, `create_date`, `create_user_id`, `create_user_name`, `update_date`, `update_user_id`, `update_user_name`, `delete_flag`) VALUES ('a6baed543a9f07b325739e8eb534afa8', '72b7624ee7c21868ba1b7668cf907a2f', '95cf435fb19381423bf67abb1986dd40', NULL, '2025-05-07 17:12:54', '72b7624ee7c21868ba1b7668cf907a2f', '超级管理员', '2025-05-07 17:12:54', '72b7624ee7c21868ba1b7668cf907a2f', '超级管理员', 0);
INSERT INTO `kunpeng_auth`.`auth_user_post`(`aup_id`, `user_id`, `post_id`, `remark`, `create_date`, `create_user_id`, `create_user_name`, `update_date`, `update_user_id`, `update_user_name`, `delete_flag`) VALUES ('ab23fac366aa32b14a657f1b770d3756', '3830638e3a1f8771d96f71fce71e665b', 'ff1843bbb9f2090dc451db74005aa6d7', NULL, '2025-05-07 17:12:27', '72b7624ee7c21868ba1b7668cf907a2f', '超级管理员', '2025-05-07 17:12:27', '72b7624ee7c21868ba1b7668cf907a2f', '超级管理员', 0);
INSERT INTO `kunpeng_auth`.`auth_user_post`(`aup_id`, `user_id`, `post_id`, `remark`, `create_date`, `create_user_id`, `create_user_name`, `update_date`, `update_user_id`, `update_user_name`, `delete_flag`) VALUES ('af17da8d6aa913b0b0b4a54c6e2a4c18', 'b390b854c2a705467d5b31d34c24dde7', '95cf435fb19381423bf67abb1986dd40', NULL, '2025-05-07 17:12:42', '72b7624ee7c21868ba1b7668cf907a2f', '超级管理员', '2025-05-07 17:12:42', '72b7624ee7c21868ba1b7668cf907a2f', '超级管理员', 0);
INSERT INTO `kunpeng_auth`.`auth_user_post`(`aup_id`, `user_id`, `post_id`, `remark`, `create_date`, `create_user_id`, `create_user_name`, `update_date`, `update_user_id`, `update_user_name`, `delete_flag`) VALUES ('e330511fae4271f20aa011465cd7baa7', 'c6cc41a137cba72cc3f253a411798f96', '95cf435fb19381423bf67abb1986dd40', NULL, '2025-05-07 17:12:34', '72b7624ee7c21868ba1b7668cf907a2f', '超级管理员', '2025-05-07 17:12:34', '72b7624ee7c21868ba1b7668cf907a2f', '超级管理员', 0);
INSERT INTO `kunpeng_auth`.`auth_user_post`(`aup_id`, `user_id`, `post_id`, `remark`, `create_date`, `create_user_id`, `create_user_name`, `update_date`, `update_user_id`, `update_user_name`, `delete_flag`) VALUES ('fd0304eaae335a193576900344a0d2bb', 'c78c88f35b289a61ec8540194dfeb024', '95cf435fb19381423bf67abb1986dd40', NULL, '2025-05-07 17:12:31', '72b7624ee7c21868ba1b7668cf907a2f', '超级管理员', '2025-05-07 17:12:31', '72b7624ee7c21868ba1b7668cf907a2f', '超级管理员', 0);
INSERT INTO `kunpeng_auth`.`auth_user_post`(`aup_id`, `user_id`, `post_id`, `remark`, `create_date`, `create_user_id`, `create_user_name`, `update_date`, `update_user_id`, `update_user_name`, `delete_flag`) VALUES ('fd5b1a85d750280ac73474e8e18da99e', '3830638e3a1f8771d96f71fce71e665b', 'a3b3167f47d9b040e42fb8377c663bdf', NULL, '2025-05-07 17:12:27', '72b7624ee7c21868ba1b7668cf907a2f', '超级管理员', '2025-05-07 17:12:27', '72b7624ee7c21868ba1b7668cf907a2f', '超级管理员', 0);

INSERT INTO `kunpeng_auth`.`auth_user_project`(`aup_id`, `user_id`, `project_id`, `remark`, `create_date`, `create_user_id`, `create_user_name`, `update_date`, `update_user_id`, `update_user_name`, `delete_flag`) VALUES ('cd3939f383a3e58658574a1b4914868d', '3830638e3a1f8771d96f71fce71e665b', '16f96664df6c87baee87430f76c7334d', NULL, '2025-05-07 17:12:27', '72b7624ee7c21868ba1b7668cf907a2f', '超级管理员', '2025-05-07 17:12:27', '72b7624ee7c21868ba1b7668cf907a2f', '超级管理员', 0);

INSERT INTO `kunpeng_auth`.`auth_user_role`(`aur_id`, `user_id`, `role_id`, `remark`, `create_date`, `create_user_id`, `create_user_name`, `update_date`, `update_user_id`, `update_user_name`, `delete_flag`) VALUES ('03ec495fbacf59a9133ab4670f67e56b', '3830638e3a1f8771d96f71fce71e665b', 'c511fc49a002d1c5747319dc8094b866', NULL, '2025-05-07 17:12:27', '72b7624ee7c21868ba1b7668cf907a2f', '超级管理员', '2025-05-07 17:12:27', '72b7624ee7c21868ba1b7668cf907a2f', '超级管理员', 0);
INSERT INTO `kunpeng_auth`.`auth_user_role`(`aur_id`, `user_id`, `role_id`, `remark`, `create_date`, `create_user_id`, `create_user_name`, `update_date`, `update_user_id`, `update_user_name`, `delete_flag`) VALUES ('21bf72fadcf3100c5c0460958eeb9bd5', '3830638e3a1f8771d96f71fce71e665b', 'fdeaaa179a806b4e5ba7180c8cd91973', NULL, '2025-05-07 17:12:27', '72b7624ee7c21868ba1b7668cf907a2f', '超级管理员', '2025-05-07 17:12:27', '72b7624ee7c21868ba1b7668cf907a2f', '超级管理员', 0);
INSERT INTO `kunpeng_auth`.`auth_user_role`(`aur_id`, `user_id`, `role_id`, `remark`, `create_date`, `create_user_id`, `create_user_name`, `update_date`, `update_user_id`, `update_user_name`, `delete_flag`) VALUES ('21da2bc513a97cd261e812dc716afc4b', '40eda2a166f575073cefbdae35dc0d0f', '53c94b689805ce3f02e531d8c1ab5768', NULL, '2025-05-07 17:12:38', '72b7624ee7c21868ba1b7668cf907a2f', '超级管理员', '2025-05-07 17:12:38', '72b7624ee7c21868ba1b7668cf907a2f', '超级管理员', 0);
INSERT INTO `kunpeng_auth`.`auth_user_role`(`aur_id`, `user_id`, `role_id`, `remark`, `create_date`, `create_user_id`, `create_user_name`, `update_date`, `update_user_id`, `update_user_name`, `delete_flag`) VALUES ('29811505ddd3d691dd800a0c658d58af', 'c6cc41a137cba72cc3f253a411798f96', '2d0fb4174e9a106140a5793d2598ac00', NULL, '2025-05-07 17:12:34', '72b7624ee7c21868ba1b7668cf907a2f', '超级管理员', '2025-05-07 17:12:34', '72b7624ee7c21868ba1b7668cf907a2f', '超级管理员', 0);
INSERT INTO `kunpeng_auth`.`auth_user_role`(`aur_id`, `user_id`, `role_id`, `remark`, `create_date`, `create_user_id`, `create_user_name`, `update_date`, `update_user_id`, `update_user_name`, `delete_flag`) VALUES ('31b33093bf32f2e94e4f22e67cafc722', '72b7624ee7c21868ba1b7668cf907a2f', '2d0fb4174e9a106140a5793d2598ac00', NULL, '2025-05-07 17:12:54', '72b7624ee7c21868ba1b7668cf907a2f', '超级管理员', '2025-05-07 17:12:54', '72b7624ee7c21868ba1b7668cf907a2f', '超级管理员', 0);
INSERT INTO `kunpeng_auth`.`auth_user_role`(`aur_id`, `user_id`, `role_id`, `remark`, `create_date`, `create_user_id`, `create_user_name`, `update_date`, `update_user_id`, `update_user_name`, `delete_flag`) VALUES ('528344ba5659f5ed6fda0ecfd8fa4050', '1069f57a3c34c01f31c85a078077d4c7', '2d0fb4174e9a106140a5793d2598ac00', NULL, '2025-05-07 17:12:49', '72b7624ee7c21868ba1b7668cf907a2f', '超级管理员', '2025-05-07 17:12:49', '72b7624ee7c21868ba1b7668cf907a2f', '超级管理员', 0);
INSERT INTO `kunpeng_auth`.`auth_user_role`(`aur_id`, `user_id`, `role_id`, `remark`, `create_date`, `create_user_id`, `create_user_name`, `update_date`, `update_user_id`, `update_user_name`, `delete_flag`) VALUES ('5faa88228214e53cb86d4e844e6d3fb1', '3830638e3a1f8771d96f71fce71e665b', 'd8a0a1bda2d09adf6d6a35eda494e957', NULL, '2025-05-07 17:12:27', '72b7624ee7c21868ba1b7668cf907a2f', '超级管理员', '2025-05-07 17:12:27', '72b7624ee7c21868ba1b7668cf907a2f', '超级管理员', 0);
INSERT INTO `kunpeng_auth`.`auth_user_role`(`aur_id`, `user_id`, `role_id`, `remark`, `create_date`, `create_user_id`, `create_user_name`, `update_date`, `update_user_id`, `update_user_name`, `delete_flag`) VALUES ('8904d07b15c349bb9225b03fe24ebeb1', 'b390b854c2a705467d5b31d34c24dde7', 'fdeaaa179a806b4e5ba7180c8cd91973', NULL, '2025-05-07 17:12:42', '72b7624ee7c21868ba1b7668cf907a2f', '超级管理员', '2025-05-07 17:12:42', '72b7624ee7c21868ba1b7668cf907a2f', '超级管理员', 0);
INSERT INTO `kunpeng_auth`.`auth_user_role`(`aur_id`, `user_id`, `role_id`, `remark`, `create_date`, `create_user_id`, `create_user_name`, `update_date`, `update_user_id`, `update_user_name`, `delete_flag`) VALUES ('add11049add9d10294bdf6b97963cc63', 'f6c6b944973ec6951774b0ef221e3458', 'c511fc49a002d1c5747319dc8094b866', NULL, '2025-05-07 17:12:47', '72b7624ee7c21868ba1b7668cf907a2f', '超级管理员', '2025-05-07 17:12:47', '72b7624ee7c21868ba1b7668cf907a2f', '超级管理员', 0);
INSERT INTO `kunpeng_auth`.`auth_user_role`(`aur_id`, `user_id`, `role_id`, `remark`, `create_date`, `create_user_id`, `create_user_name`, `update_date`, `update_user_id`, `update_user_name`, `delete_flag`) VALUES ('b41aae8265dd89eed4fb24930ac499ec', '3830638e3a1f8771d96f71fce71e665b', '2d0fb4174e9a106140a5793d2598ac00', NULL, '2025-05-07 17:12:27', '72b7624ee7c21868ba1b7668cf907a2f', '超级管理员', '2025-05-07 17:12:27', '72b7624ee7c21868ba1b7668cf907a2f', '超级管理员', 0);
INSERT INTO `kunpeng_auth`.`auth_user_role`(`aur_id`, `user_id`, `role_id`, `remark`, `create_date`, `create_user_id`, `create_user_name`, `update_date`, `update_user_id`, `update_user_name`, `delete_flag`) VALUES ('ca73dc88ab525637ec27571da5701e09', 'ea9af868f0389196f2969148618ba651', 'fdeaaa179a806b4e5ba7180c8cd91973', NULL, '2025-05-07 17:12:40', '72b7624ee7c21868ba1b7668cf907a2f', '超级管理员', '2025-05-07 17:12:40', '72b7624ee7c21868ba1b7668cf907a2f', '超级管理员', 0);
INSERT INTO `kunpeng_auth`.`auth_user_role`(`aur_id`, `user_id`, `role_id`, `remark`, `create_date`, `create_user_id`, `create_user_name`, `update_date`, `update_user_id`, `update_user_name`, `delete_flag`) VALUES ('d18ab62ffbb9e5f365008d9d62645eea', '3830638e3a1f8771d96f71fce71e665b', '53c94b689805ce3f02e531d8c1ab5768', NULL, '2025-05-07 17:12:27', '72b7624ee7c21868ba1b7668cf907a2f', '超级管理员', '2025-05-07 17:12:27', '72b7624ee7c21868ba1b7668cf907a2f', '超级管理员', 0);
INSERT INTO `kunpeng_auth`.`auth_user_role`(`aur_id`, `user_id`, `role_id`, `remark`, `create_date`, `create_user_id`, `create_user_name`, `update_date`, `update_user_id`, `update_user_name`, `delete_flag`) VALUES ('d26a7c29afb0fee2d7a8cb0c0fc7a2b0', 'c78c88f35b289a61ec8540194dfeb024', '2d0fb4174e9a106140a5793d2598ac00', NULL, '2025-05-07 17:12:31', '72b7624ee7c21868ba1b7668cf907a2f', '超级管理员', '2025-05-07 17:12:31', '72b7624ee7c21868ba1b7668cf907a2f', '超级管理员', 0);
INSERT INTO `kunpeng_auth`.`auth_user_role`(`aur_id`, `user_id`, `role_id`, `remark`, `create_date`, `create_user_id`, `create_user_name`, `update_date`, `update_user_id`, `update_user_name`, `delete_flag`) VALUES ('d536b6c7a3c74dc6a906dde8044cc0ab', 'b1a32b6e50d2f285d30a998c0421a0bd', '53c94b689805ce3f02e531d8c1ab5768', NULL, '2025-05-07 17:12:36', '72b7624ee7c21868ba1b7668cf907a2f', '超级管理员', '2025-05-07 17:12:36', '72b7624ee7c21868ba1b7668cf907a2f', '超级管理员', 0);
INSERT INTO `kunpeng_auth`.`auth_user_role`(`aur_id`, `user_id`, `role_id`, `remark`, `create_date`, `create_user_id`, `create_user_name`, `update_date`, `update_user_id`, `update_user_name`, `delete_flag`) VALUES ('f42d6f813160818525c2f3dedcb71b51', '60ebf59be1179295e57a2df98272dc26', 'd8a0a1bda2d09adf6d6a35eda494e957', NULL, '2025-05-07 17:12:44', '72b7624ee7c21868ba1b7668cf907a2f', '超级管理员', '2025-05-07 17:12:44', '72b7624ee7c21868ba1b7668cf907a2f', '超级管理员', 0);

INSERT INTO `kunpeng_auth`.`auth_post`(`post_id`, `post_code`, `post_name`, `status`, `remark`, `create_date`, `create_user_id`, `create_user_name`, `update_date`, `update_user_id`, `update_user_name`, `delete_flag`) VALUES ('4a8eddd612d77cd0acd1e0611e7c0b69', 'technicalDirector', '技术负责人', 1, NULL, '2025-05-07 11:36:24', '72b7624ee7c21868ba1b7668cf907a2f', '管理员', '2025-05-07 17:14:46', '72b7624ee7c21868ba1b7668cf907a2f', '超级管理员', 0);
INSERT INTO `kunpeng_auth`.`auth_post`(`post_id`, `post_code`, `post_name`, `status`, `remark`, `create_date`, `create_user_id`, `create_user_name`, `update_date`, `update_user_id`, `update_user_name`, `delete_flag`) VALUES ('4cf66b2686ade2ac27b7937336754fab', 'productManager', '产品经理', 1, NULL, '2025-04-07 17:54:06', '72b7624ee7c21868ba1b7668cf907a2f', '管理员', '2025-05-07 17:14:56', '72b7624ee7c21868ba1b7668cf907a2f', '超级管理员', 0);
INSERT INTO `kunpeng_auth`.`auth_post`(`post_id`, `post_code`, `post_name`, `status`, `remark`, `create_date`, `create_user_id`, `create_user_name`, `update_date`, `update_user_id`, `update_user_name`, `delete_flag`) VALUES ('95cf435fb19381423bf67abb1986dd40', 'staff', '职员', 1, NULL, '2025-04-07 17:54:57', '72b7624ee7c21868ba1b7668cf907a2f', '管理员', '2025-05-07 17:14:53', '72b7624ee7c21868ba1b7668cf907a2f', '超级管理员', 0);
INSERT INTO `kunpeng_auth`.`auth_post`(`post_id`, `post_code`, `post_name`, `status`, `remark`, `create_date`, `create_user_id`, `create_user_name`, `update_date`, `update_user_id`, `update_user_name`, `delete_flag`) VALUES ('9d1a1b658bbf7b9fe1f874f16ee67551', 'architect', '架构师', 1, NULL, '2025-05-07 11:34:30', '72b7624ee7c21868ba1b7668cf907a2f', '管理员', '2025-05-07 17:14:51', '72b7624ee7c21868ba1b7668cf907a2f', '超级管理员', 0);
INSERT INTO `kunpeng_auth`.`auth_post`(`post_id`, `post_code`, `post_name`, `status`, `remark`, `create_date`, `create_user_id`, `create_user_name`, `update_date`, `update_user_id`, `update_user_name`, `delete_flag`) VALUES ('a3b3167f47d9b040e42fb8377c663bdf', 'projectManager', '项目经理', 1, NULL, '2025-04-07 17:54:29', '72b7624ee7c21868ba1b7668cf907a2f', '管理员', '2025-05-07 17:14:54', '72b7624ee7c21868ba1b7668cf907a2f', '超级管理员', 0);
INSERT INTO `kunpeng_auth`.`auth_post`(`post_id`, `post_code`, `post_name`, `status`, `remark`, `create_date`, `create_user_id`, `create_user_name`, `update_date`, `update_user_id`, `update_user_name`, `delete_flag`) VALUES ('fd2fa9545170d31d81e8a878db208edf', 'frontEndEngineer', '前端开发工程师', 1, NULL, '2025-05-07 11:35:57', '72b7624ee7c21868ba1b7668cf907a2f', '管理员', '2025-05-07 17:14:48', '72b7624ee7c21868ba1b7668cf907a2f', '超级管理员', 0);
INSERT INTO `kunpeng_auth`.`auth_post`(`post_id`, `post_code`, `post_name`, `status`, `remark`, `create_date`, `create_user_id`, `create_user_name`, `update_date`, `update_user_id`, `update_user_name`, `delete_flag`) VALUES ('ff1843bbb9f2090dc451db74005aa6d7', 'java', 'java软件开发工程师', 1, NULL, '2025-05-07 11:34:56', '72b7624ee7c21868ba1b7668cf907a2f', '管理员', '2025-05-07 17:14:50', '72b7624ee7c21868ba1b7668cf907a2f', '超级管理员', 0);


INSERT INTO `kunpeng_auth`.`auth_role`(`role_id`, `role_name`, `role_code`, `status`, `remark`, `create_date`, `create_user_id`, `create_user_name`, `update_date`, `update_user_id`, `update_user_name`, `delete_flag`) VALUES ('2d0fb4174e9a106140a5793d2598ac00', '超级管理员', 'SuperAdministrator', 1, NULL, '2025-04-08 16:51:34', '72b7624ee7c21868ba1b7668cf907a2f', '管理员', '2025-05-07 17:15:23', '72b7624ee7c21868ba1b7668cf907a2f', '超级管理员', 0);
INSERT INTO `kunpeng_auth`.`auth_role`(`role_id`, `role_name`, `role_code`, `status`, `remark`, `create_date`, `create_user_id`, `create_user_name`, `update_date`, `update_user_id`, `update_user_name`, `delete_flag`) VALUES ('53c94b689805ce3f02e531d8c1ab5768', '财务管理', 'financial', 1, NULL, '2025-05-07 14:23:26', '72b7624ee7c21868ba1b7668cf907a2f', '管理员', '2025-05-07 17:15:16', '72b7624ee7c21868ba1b7668cf907a2f', '超级管理员', 0);
INSERT INTO `kunpeng_auth`.`auth_role`(`role_id`, `role_name`, `role_code`, `status`, `remark`, `create_date`, `create_user_id`, `create_user_name`, `update_date`, `update_user_id`, `update_user_name`, `delete_flag`) VALUES ('c511fc49a002d1c5747319dc8094b866', '开发人员', 'developers', 1, NULL, '2025-05-07 14:15:55', '72b7624ee7c21868ba1b7668cf907a2f', '管理员', '2025-05-07 17:15:21', '72b7624ee7c21868ba1b7668cf907a2f', '超级管理员', 0);
INSERT INTO `kunpeng_auth`.`auth_role`(`role_id`, `role_name`, `role_code`, `status`, `remark`, `create_date`, `create_user_id`, `create_user_name`, `update_date`, `update_user_id`, `update_user_name`, `delete_flag`) VALUES ('d8a0a1bda2d09adf6d6a35eda494e957', '网络运维', 'networkAdministrator', 1, NULL, '2025-05-07 14:16:41', '72b7624ee7c21868ba1b7668cf907a2f', '管理员', '2025-05-07 17:15:19', '72b7624ee7c21868ba1b7668cf907a2f', '超级管理员', 0);
INSERT INTO `kunpeng_auth`.`auth_role`(`role_id`, `role_name`, `role_code`, `status`, `remark`, `create_date`, `create_user_id`, `create_user_name`, `update_date`, `update_user_id`, `update_user_name`, `delete_flag`) VALUES ('fdeaaa179a806b4e5ba7180c8cd91973', '人力资源', 'humanResources', 1, NULL, '2025-05-07 14:21:36', '72b7624ee7c21868ba1b7668cf907a2f', '管理员', '2025-05-07 17:15:17', '72b7624ee7c21868ba1b7668cf907a2f', '超级管理员', 0);


INSERT INTO `kunpeng_auth`.`auth_role_project_relevance`(`arpr_id`, `project_id`, `role_id`, `remark`, `create_date`, `create_user_id`, `create_user_name`, `update_date`, `update_user_id`, `update_user_name`, `delete_flag`) VALUES ('2942c159000df78e3fce1f4f5c6c7997', '16f96664df6c87baee87430f76c7334d', 'c511fc49a002d1c5747319dc8094b866', NULL, '2025-05-07 17:15:21', '72b7624ee7c21868ba1b7668cf907a2f', '超级管理员', '2025-05-07 17:15:21', '72b7624ee7c21868ba1b7668cf907a2f', '超级管理员', 0);
INSERT INTO `kunpeng_auth`.`auth_role_project_relevance`(`arpr_id`, `project_id`, `role_id`, `remark`, `create_date`, `create_user_id`, `create_user_name`, `update_date`, `update_user_id`, `update_user_name`, `delete_flag`) VALUES ('464c46fe038e28c8c2ad45f98100d436', '16f96664df6c87baee87430f76c7334d', 'fdeaaa179a806b4e5ba7180c8cd91973', NULL, '2025-05-07 17:15:17', '72b7624ee7c21868ba1b7668cf907a2f', '超级管理员', '2025-05-07 17:15:17', '72b7624ee7c21868ba1b7668cf907a2f', '超级管理员', 0);
INSERT INTO `kunpeng_auth`.`auth_role_project_relevance`(`arpr_id`, `project_id`, `role_id`, `remark`, `create_date`, `create_user_id`, `create_user_name`, `update_date`, `update_user_id`, `update_user_name`, `delete_flag`) VALUES ('585948c33a157154f43118543a0b6fb8', '16f96664df6c87baee87430f76c7334d', '53c94b689805ce3f02e531d8c1ab5768', NULL, '2025-05-07 17:15:16', '72b7624ee7c21868ba1b7668cf907a2f', '超级管理员', '2025-05-07 17:15:16', '72b7624ee7c21868ba1b7668cf907a2f', '超级管理员', 0);
INSERT INTO `kunpeng_auth`.`auth_role_project_relevance`(`arpr_id`, `project_id`, `role_id`, `remark`, `create_date`, `create_user_id`, `create_user_name`, `update_date`, `update_user_id`, `update_user_name`, `delete_flag`) VALUES ('e60eaebe1d719c789b766ffd6b2ae88c', '16f96664df6c87baee87430f76c7334d', 'd8a0a1bda2d09adf6d6a35eda494e957', NULL, '2025-05-07 17:15:19', '72b7624ee7c21868ba1b7668cf907a2f', '超级管理员', '2025-05-07 17:15:19', '72b7624ee7c21868ba1b7668cf907a2f', '超级管理员', 0);
INSERT INTO `kunpeng_auth`.`auth_role_project_relevance`(`arpr_id`, `project_id`, `role_id`, `remark`, `create_date`, `create_user_id`, `create_user_name`, `update_date`, `update_user_id`, `update_user_name`, `delete_flag`) VALUES ('eb13fce0a16201b363ce3f4681dff40c', '16f96664df6c87baee87430f76c7334d', '2d0fb4174e9a106140a5793d2598ac00', NULL, '2025-05-07 17:15:23', '72b7624ee7c21868ba1b7668cf907a2f', '超级管理员', '2025-05-07 17:15:23', '72b7624ee7c21868ba1b7668cf907a2f', '超级管理员', 0);


INSERT INTO `kunpeng_auth`.`auth_role_menu`(`arm_id`, `menu_id`, `role_id`, `project_id`, `remark`, `create_date`, `create_user_id`, `create_user_name`, `update_date`, `update_user_id`, `update_user_name`, `delete_flag`) VALUES ('04896c4672c5eb8f2122b08846ace1d3', 'addaab203ccfd25a55b6a99e3ea6b1b1', '2d0fb4174e9a106140a5793d2598ac00', '16f96664df6c87baee87430f76c7334d', NULL, '2025-06-04 15:40:44', '72b7624ee7c21868ba1b7668cf907a2f', '超级管理员', '2025-06-04 15:40:44', '72b7624ee7c21868ba1b7668cf907a2f', '超级管理员', 0);
INSERT INTO `kunpeng_auth`.`auth_role_menu`(`arm_id`, `menu_id`, `role_id`, `project_id`, `remark`, `create_date`, `create_user_id`, `create_user_name`, `update_date`, `update_user_id`, `update_user_name`, `delete_flag`) VALUES ('0941c5e4276b568557fd4ab337fad996', '37d0743928593e12a9217bc8eab301ba', '2d0fb4174e9a106140a5793d2598ac00', '16f96664df6c87baee87430f76c7334d', NULL, '2025-06-04 15:40:44', '72b7624ee7c21868ba1b7668cf907a2f', '超级管理员', '2025-06-04 15:40:44', '72b7624ee7c21868ba1b7668cf907a2f', '超级管理员', 0);
INSERT INTO `kunpeng_auth`.`auth_role_menu`(`arm_id`, `menu_id`, `role_id`, `project_id`, `remark`, `create_date`, `create_user_id`, `create_user_name`, `update_date`, `update_user_id`, `update_user_name`, `delete_flag`) VALUES ('096e14d642d495c759dd18dfba1b0f42', '074e70975aadc32b02b988ae05331e7f', '2d0fb4174e9a106140a5793d2598ac00', '16f96664df6c87baee87430f76c7334d', NULL, '2025-06-04 15:40:45', '72b7624ee7c21868ba1b7668cf907a2f', '超级管理员', '2025-06-04 15:40:45', '72b7624ee7c21868ba1b7668cf907a2f', '超级管理员', 0);
INSERT INTO `kunpeng_auth`.`auth_role_menu`(`arm_id`, `menu_id`, `role_id`, `project_id`, `remark`, `create_date`, `create_user_id`, `create_user_name`, `update_date`, `update_user_id`, `update_user_name`, `delete_flag`) VALUES ('0c61cebf6fc83c78005f28d58dc260be', '13547fb4ff4cc0afb070ae7ed98fc3ca', '2d0fb4174e9a106140a5793d2598ac00', '16f96664df6c87baee87430f76c7334d', NULL, '2025-06-04 15:40:44', '72b7624ee7c21868ba1b7668cf907a2f', '超级管理员', '2025-06-04 15:40:44', '72b7624ee7c21868ba1b7668cf907a2f', '超级管理员', 0);
INSERT INTO `kunpeng_auth`.`auth_role_menu`(`arm_id`, `menu_id`, `role_id`, `project_id`, `remark`, `create_date`, `create_user_id`, `create_user_name`, `update_date`, `update_user_id`, `update_user_name`, `delete_flag`) VALUES ('0cb1fde35323e29eeb6abd8f3cfd032c', '44a7bcf742ec8b625b4041d7a1f6f87a', '2d0fb4174e9a106140a5793d2598ac00', '16f96664df6c87baee87430f76c7334d', NULL, '2025-06-04 15:40:44', '72b7624ee7c21868ba1b7668cf907a2f', '超级管理员', '2025-06-04 15:40:44', '72b7624ee7c21868ba1b7668cf907a2f', '超级管理员', 0);
INSERT INTO `kunpeng_auth`.`auth_role_menu`(`arm_id`, `menu_id`, `role_id`, `project_id`, `remark`, `create_date`, `create_user_id`, `create_user_name`, `update_date`, `update_user_id`, `update_user_name`, `delete_flag`) VALUES ('0d78f6691e6f9970b9b931dce2b3f287', '571ff0f82da9cf43f19bb60fac1ffef4', '2d0fb4174e9a106140a5793d2598ac00', '16f96664df6c87baee87430f76c7334d', NULL, '2025-06-04 15:40:44', '72b7624ee7c21868ba1b7668cf907a2f', '超级管理员', '2025-06-04 15:40:44', '72b7624ee7c21868ba1b7668cf907a2f', '超级管理员', 0);
INSERT INTO `kunpeng_auth`.`auth_role_menu`(`arm_id`, `menu_id`, `role_id`, `project_id`, `remark`, `create_date`, `create_user_id`, `create_user_name`, `update_date`, `update_user_id`, `update_user_name`, `delete_flag`) VALUES ('1ce889e76c85e64015b6872b656a565f', '860e3e426f922af173af41f08a6afc05', '2d0fb4174e9a106140a5793d2598ac00', '16f96664df6c87baee87430f76c7334d', NULL, '2025-06-04 15:40:44', '72b7624ee7c21868ba1b7668cf907a2f', '超级管理员', '2025-06-04 15:40:44', '72b7624ee7c21868ba1b7668cf907a2f', '超级管理员', 0);
INSERT INTO `kunpeng_auth`.`auth_role_menu`(`arm_id`, `menu_id`, `role_id`, `project_id`, `remark`, `create_date`, `create_user_id`, `create_user_name`, `update_date`, `update_user_id`, `update_user_name`, `delete_flag`) VALUES ('2789f5643421181e9065d70fcb953284', 'a04f9adecad35efe4f395f11b8991aec', '2d0fb4174e9a106140a5793d2598ac00', '16f96664df6c87baee87430f76c7334d', NULL, '2025-06-04 15:40:45', '72b7624ee7c21868ba1b7668cf907a2f', '超级管理员', '2025-06-04 15:40:45', '72b7624ee7c21868ba1b7668cf907a2f', '超级管理员', 0);
INSERT INTO `kunpeng_auth`.`auth_role_menu`(`arm_id`, `menu_id`, `role_id`, `project_id`, `remark`, `create_date`, `create_user_id`, `create_user_name`, `update_date`, `update_user_id`, `update_user_name`, `delete_flag`) VALUES ('29a0c886b8e57da61a27c6df3275b058', '78702af6133c7d09b268824d6b9291a3', '2d0fb4174e9a106140a5793d2598ac00', '16f96664df6c87baee87430f76c7334d', NULL, '2025-06-04 15:40:44', '72b7624ee7c21868ba1b7668cf907a2f', '超级管理员', '2025-06-04 15:40:44', '72b7624ee7c21868ba1b7668cf907a2f', '超级管理员', 0);
INSERT INTO `kunpeng_auth`.`auth_role_menu`(`arm_id`, `menu_id`, `role_id`, `project_id`, `remark`, `create_date`, `create_user_id`, `create_user_name`, `update_date`, `update_user_id`, `update_user_name`, `delete_flag`) VALUES ('2d750f8c6fc4f56c9b6bca56314e43fa', 'e4a05b73c99f5e90d593eb7072403b85', '2d0fb4174e9a106140a5793d2598ac00', '16f96664df6c87baee87430f76c7334d', NULL, '2025-06-04 15:40:44', '72b7624ee7c21868ba1b7668cf907a2f', '超级管理员', '2025-06-04 15:40:44', '72b7624ee7c21868ba1b7668cf907a2f', '超级管理员', 0);
INSERT INTO `kunpeng_auth`.`auth_role_menu`(`arm_id`, `menu_id`, `role_id`, `project_id`, `remark`, `create_date`, `create_user_id`, `create_user_name`, `update_date`, `update_user_id`, `update_user_name`, `delete_flag`) VALUES ('2f4210d98597042d2f72eee504366af8', 'de4465758c58830662f0ad9e41c2fee3', '2d0fb4174e9a106140a5793d2598ac00', '16f96664df6c87baee87430f76c7334d', NULL, '2025-06-04 15:40:44', '72b7624ee7c21868ba1b7668cf907a2f', '超级管理员', '2025-06-04 15:40:44', '72b7624ee7c21868ba1b7668cf907a2f', '超级管理员', 0);
INSERT INTO `kunpeng_auth`.`auth_role_menu`(`arm_id`, `menu_id`, `role_id`, `project_id`, `remark`, `create_date`, `create_user_id`, `create_user_name`, `update_date`, `update_user_id`, `update_user_name`, `delete_flag`) VALUES ('3b0f88a10b2978c604140e0844a179ed', '1493f5ff5c8fe5f30cb12752022cc067', '2d0fb4174e9a106140a5793d2598ac00', '16f96664df6c87baee87430f76c7334d', NULL, '2025-06-04 15:40:44', '72b7624ee7c21868ba1b7668cf907a2f', '超级管理员', '2025-06-04 15:40:44', '72b7624ee7c21868ba1b7668cf907a2f', '超级管理员', 0);
INSERT INTO `kunpeng_auth`.`auth_role_menu`(`arm_id`, `menu_id`, `role_id`, `project_id`, `remark`, `create_date`, `create_user_id`, `create_user_name`, `update_date`, `update_user_id`, `update_user_name`, `delete_flag`) VALUES ('3b23e713ee4913921efcff39b53f54b2', '5b099f54803499560e19f3b8760d286a', '2d0fb4174e9a106140a5793d2598ac00', '16f96664df6c87baee87430f76c7334d', NULL, '2025-06-04 15:40:44', '72b7624ee7c21868ba1b7668cf907a2f', '超级管理员', '2025-06-04 15:40:44', '72b7624ee7c21868ba1b7668cf907a2f', '超级管理员', 0);
INSERT INTO `kunpeng_auth`.`auth_role_menu`(`arm_id`, `menu_id`, `role_id`, `project_id`, `remark`, `create_date`, `create_user_id`, `create_user_name`, `update_date`, `update_user_id`, `update_user_name`, `delete_flag`) VALUES ('3b2d21439f2d9fdcc30a7d60c5b3699c', '55765f41eb0e79ca737417d348b5d03c', '2d0fb4174e9a106140a5793d2598ac00', '16f96664df6c87baee87430f76c7334d', NULL, '2025-06-04 15:40:44', '72b7624ee7c21868ba1b7668cf907a2f', '超级管理员', '2025-06-04 15:40:44', '72b7624ee7c21868ba1b7668cf907a2f', '超级管理员', 0);
INSERT INTO `kunpeng_auth`.`auth_role_menu`(`arm_id`, `menu_id`, `role_id`, `project_id`, `remark`, `create_date`, `create_user_id`, `create_user_name`, `update_date`, `update_user_id`, `update_user_name`, `delete_flag`) VALUES ('3d380131db1fc98be7bde057b0e741f2', '3933c42d9d5aadee7ec51689d4e1e63f', '2d0fb4174e9a106140a5793d2598ac00', '16f96664df6c87baee87430f76c7334d', NULL, '2025-06-04 15:40:44', '72b7624ee7c21868ba1b7668cf907a2f', '超级管理员', '2025-06-04 15:40:44', '72b7624ee7c21868ba1b7668cf907a2f', '超级管理员', 0);
INSERT INTO `kunpeng_auth`.`auth_role_menu`(`arm_id`, `menu_id`, `role_id`, `project_id`, `remark`, `create_date`, `create_user_id`, `create_user_name`, `update_date`, `update_user_id`, `update_user_name`, `delete_flag`) VALUES ('44fd9c76c4bcb05fbf8019321ef16570', 'bf0c50d313972ba6fda70a34a0f30d57', '2d0fb4174e9a106140a5793d2598ac00', '16f96664df6c87baee87430f76c7334d', NULL, '2025-06-04 15:40:44', '72b7624ee7c21868ba1b7668cf907a2f', '超级管理员', '2025-06-04 15:40:44', '72b7624ee7c21868ba1b7668cf907a2f', '超级管理员', 0);
INSERT INTO `kunpeng_auth`.`auth_role_menu`(`arm_id`, `menu_id`, `role_id`, `project_id`, `remark`, `create_date`, `create_user_id`, `create_user_name`, `update_date`, `update_user_id`, `update_user_name`, `delete_flag`) VALUES ('49a8853fa03e44fb22310272a315b136', 'cd1371f45d4e09e0e70bf1e683c2ab88', '2d0fb4174e9a106140a5793d2598ac00', '16f96664df6c87baee87430f76c7334d', NULL, '2025-06-04 15:40:44', '72b7624ee7c21868ba1b7668cf907a2f', '超级管理员', '2025-06-04 15:40:44', '72b7624ee7c21868ba1b7668cf907a2f', '超级管理员', 0);
INSERT INTO `kunpeng_auth`.`auth_role_menu`(`arm_id`, `menu_id`, `role_id`, `project_id`, `remark`, `create_date`, `create_user_id`, `create_user_name`, `update_date`, `update_user_id`, `update_user_name`, `delete_flag`) VALUES ('4b36eb15c9274bb6f3a8717af4544862', 'b28e05007400d7846d7ff8257e023f13', '2d0fb4174e9a106140a5793d2598ac00', '16f96664df6c87baee87430f76c7334d', NULL, '2025-06-04 15:40:44', '72b7624ee7c21868ba1b7668cf907a2f', '超级管理员', '2025-06-04 15:40:44', '72b7624ee7c21868ba1b7668cf907a2f', '超级管理员', 0);
INSERT INTO `kunpeng_auth`.`auth_role_menu`(`arm_id`, `menu_id`, `role_id`, `project_id`, `remark`, `create_date`, `create_user_id`, `create_user_name`, `update_date`, `update_user_id`, `update_user_name`, `delete_flag`) VALUES ('52a4bf6cfafa4319a3a744a69eb033f8', 'b3cab8f373d849f672e89482bb594fa3', '2d0fb4174e9a106140a5793d2598ac00', '16f96664df6c87baee87430f76c7334d', NULL, '2025-06-04 15:40:44', '72b7624ee7c21868ba1b7668cf907a2f', '超级管理员', '2025-06-04 15:40:44', '72b7624ee7c21868ba1b7668cf907a2f', '超级管理员', 0);
INSERT INTO `kunpeng_auth`.`auth_role_menu`(`arm_id`, `menu_id`, `role_id`, `project_id`, `remark`, `create_date`, `create_user_id`, `create_user_name`, `update_date`, `update_user_id`, `update_user_name`, `delete_flag`) VALUES ('56f13a6adcdfcd5f4f63fd788aa7aa8d', '9a785dbe1d9f1e83e666502a5cd051ba', '2d0fb4174e9a106140a5793d2598ac00', '16f96664df6c87baee87430f76c7334d', NULL, '2025-06-04 15:40:44', '72b7624ee7c21868ba1b7668cf907a2f', '超级管理员', '2025-06-04 15:40:44', '72b7624ee7c21868ba1b7668cf907a2f', '超级管理员', 0);
INSERT INTO `kunpeng_auth`.`auth_role_menu`(`arm_id`, `menu_id`, `role_id`, `project_id`, `remark`, `create_date`, `create_user_id`, `create_user_name`, `update_date`, `update_user_id`, `update_user_name`, `delete_flag`) VALUES ('576792fdfa39416dc079e27da8a31b56', 'a2b2f01894c30791bd7fe9ed10977c7a', '2d0fb4174e9a106140a5793d2598ac00', '16f96664df6c87baee87430f76c7334d', NULL, '2025-06-04 15:40:44', '72b7624ee7c21868ba1b7668cf907a2f', '超级管理员', '2025-06-04 15:40:44', '72b7624ee7c21868ba1b7668cf907a2f', '超级管理员', 0);
INSERT INTO `kunpeng_auth`.`auth_role_menu`(`arm_id`, `menu_id`, `role_id`, `project_id`, `remark`, `create_date`, `create_user_id`, `create_user_name`, `update_date`, `update_user_id`, `update_user_name`, `delete_flag`) VALUES ('589533166d649832bed61ebe813c0e81', '68f49d0d5dca1ed96b4cef643c346e25', '2d0fb4174e9a106140a5793d2598ac00', '16f96664df6c87baee87430f76c7334d', NULL, '2025-06-04 15:40:44', '72b7624ee7c21868ba1b7668cf907a2f', '超级管理员', '2025-06-04 15:40:44', '72b7624ee7c21868ba1b7668cf907a2f', '超级管理员', 0);
INSERT INTO `kunpeng_auth`.`auth_role_menu`(`arm_id`, `menu_id`, `role_id`, `project_id`, `remark`, `create_date`, `create_user_id`, `create_user_name`, `update_date`, `update_user_id`, `update_user_name`, `delete_flag`) VALUES ('60b390beb1379213f4c216635e23c9f8', 'b44f00febfd0d92ceba30399a6719525', '2d0fb4174e9a106140a5793d2598ac00', '16f96664df6c87baee87430f76c7334d', NULL, '2025-06-04 15:40:44', '72b7624ee7c21868ba1b7668cf907a2f', '超级管理员', '2025-06-04 15:40:44', '72b7624ee7c21868ba1b7668cf907a2f', '超级管理员', 0);
INSERT INTO `kunpeng_auth`.`auth_role_menu`(`arm_id`, `menu_id`, `role_id`, `project_id`, `remark`, `create_date`, `create_user_id`, `create_user_name`, `update_date`, `update_user_id`, `update_user_name`, `delete_flag`) VALUES ('64a59195f06d46e4fdb3a40832049662', '5c48d97f6704d75597e1c075b491b945', '2d0fb4174e9a106140a5793d2598ac00', '16f96664df6c87baee87430f76c7334d', NULL, '2025-06-04 15:40:44', '72b7624ee7c21868ba1b7668cf907a2f', '超级管理员', '2025-06-04 15:40:44', '72b7624ee7c21868ba1b7668cf907a2f', '超级管理员', 0);
INSERT INTO `kunpeng_auth`.`auth_role_menu`(`arm_id`, `menu_id`, `role_id`, `project_id`, `remark`, `create_date`, `create_user_id`, `create_user_name`, `update_date`, `update_user_id`, `update_user_name`, `delete_flag`) VALUES ('69289a123a2e6e6f351b6de35445616c', '87f8bc082ef9f27ca0524f6f550f14ea', '2d0fb4174e9a106140a5793d2598ac00', '16f96664df6c87baee87430f76c7334d', NULL, '2025-06-04 15:40:44', '72b7624ee7c21868ba1b7668cf907a2f', '超级管理员', '2025-06-04 15:40:44', '72b7624ee7c21868ba1b7668cf907a2f', '超级管理员', 0);
INSERT INTO `kunpeng_auth`.`auth_role_menu`(`arm_id`, `menu_id`, `role_id`, `project_id`, `remark`, `create_date`, `create_user_id`, `create_user_name`, `update_date`, `update_user_id`, `update_user_name`, `delete_flag`) VALUES ('6a91c5c12edbd17a292ddd69d59690af', '433a5f2f2ef191c527fd7bc56343058a', '2d0fb4174e9a106140a5793d2598ac00', '16f96664df6c87baee87430f76c7334d', NULL, '2025-06-04 15:40:44', '72b7624ee7c21868ba1b7668cf907a2f', '超级管理员', '2025-06-04 15:40:44', '72b7624ee7c21868ba1b7668cf907a2f', '超级管理员', 0);
INSERT INTO `kunpeng_auth`.`auth_role_menu`(`arm_id`, `menu_id`, `role_id`, `project_id`, `remark`, `create_date`, `create_user_id`, `create_user_name`, `update_date`, `update_user_id`, `update_user_name`, `delete_flag`) VALUES ('6e23d2603abb3739cae1d04484fe529b', '1845b8749256361a37fe434950ffa9f5', '2d0fb4174e9a106140a5793d2598ac00', '16f96664df6c87baee87430f76c7334d', NULL, '2025-06-04 15:40:44', '72b7624ee7c21868ba1b7668cf907a2f', '超级管理员', '2025-06-04 15:40:44', '72b7624ee7c21868ba1b7668cf907a2f', '超级管理员', 0);
INSERT INTO `kunpeng_auth`.`auth_role_menu`(`arm_id`, `menu_id`, `role_id`, `project_id`, `remark`, `create_date`, `create_user_id`, `create_user_name`, `update_date`, `update_user_id`, `update_user_name`, `delete_flag`) VALUES ('71e69da610d6c279fb3e26640b30663e', 'd781876d1c0a0502c9ee75cb503c5020', '2d0fb4174e9a106140a5793d2598ac00', '16f96664df6c87baee87430f76c7334d', NULL, '2025-06-04 15:40:44', '72b7624ee7c21868ba1b7668cf907a2f', '超级管理员', '2025-06-04 15:40:44', '72b7624ee7c21868ba1b7668cf907a2f', '超级管理员', 0);
INSERT INTO `kunpeng_auth`.`auth_role_menu`(`arm_id`, `menu_id`, `role_id`, `project_id`, `remark`, `create_date`, `create_user_id`, `create_user_name`, `update_date`, `update_user_id`, `update_user_name`, `delete_flag`) VALUES ('759da3df65c5ef01bd9ce443512761c2', '8a860100eec14017ec5ef7e8519d271e', '2d0fb4174e9a106140a5793d2598ac00', '16f96664df6c87baee87430f76c7334d', NULL, '2025-06-04 15:40:44', '72b7624ee7c21868ba1b7668cf907a2f', '超级管理员', '2025-06-04 15:40:44', '72b7624ee7c21868ba1b7668cf907a2f', '超级管理员', 0);
INSERT INTO `kunpeng_auth`.`auth_role_menu`(`arm_id`, `menu_id`, `role_id`, `project_id`, `remark`, `create_date`, `create_user_id`, `create_user_name`, `update_date`, `update_user_id`, `update_user_name`, `delete_flag`) VALUES ('7ba39fc35515a4ab75e18596b3721e4d', 'b9ace5522491e98b73632d63a630817d', '2d0fb4174e9a106140a5793d2598ac00', '16f96664df6c87baee87430f76c7334d', NULL, '2025-06-04 15:40:45', '72b7624ee7c21868ba1b7668cf907a2f', '超级管理员', '2025-06-04 15:40:45', '72b7624ee7c21868ba1b7668cf907a2f', '超级管理员', 0);
INSERT INTO `kunpeng_auth`.`auth_role_menu`(`arm_id`, `menu_id`, `role_id`, `project_id`, `remark`, `create_date`, `create_user_id`, `create_user_name`, `update_date`, `update_user_id`, `update_user_name`, `delete_flag`) VALUES ('7e9a467aad920647b1232b8c914205bb', 'a424c6d464f1168c45866181892cbdc1', '2d0fb4174e9a106140a5793d2598ac00', '16f96664df6c87baee87430f76c7334d', NULL, '2025-06-04 15:40:45', '72b7624ee7c21868ba1b7668cf907a2f', '超级管理员', '2025-06-04 15:40:45', '72b7624ee7c21868ba1b7668cf907a2f', '超级管理员', 0);
INSERT INTO `kunpeng_auth`.`auth_role_menu`(`arm_id`, `menu_id`, `role_id`, `project_id`, `remark`, `create_date`, `create_user_id`, `create_user_name`, `update_date`, `update_user_id`, `update_user_name`, `delete_flag`) VALUES ('7f5f896be8513346be13fc283b662bd5', 'fb35408351fc9762ff8c2f2904fa39a6', '2d0fb4174e9a106140a5793d2598ac00', '16f96664df6c87baee87430f76c7334d', NULL, '2025-06-04 15:40:44', '72b7624ee7c21868ba1b7668cf907a2f', '超级管理员', '2025-06-04 15:40:44', '72b7624ee7c21868ba1b7668cf907a2f', '超级管理员', 0);
INSERT INTO `kunpeng_auth`.`auth_role_menu`(`arm_id`, `menu_id`, `role_id`, `project_id`, `remark`, `create_date`, `create_user_id`, `create_user_name`, `update_date`, `update_user_id`, `update_user_name`, `delete_flag`) VALUES ('8aec3f2ea661b631920a5c94a6341115', '1d69be0be09a8b89cd8d4f73ee4f068c', '2d0fb4174e9a106140a5793d2598ac00', '16f96664df6c87baee87430f76c7334d', NULL, '2025-06-04 15:40:44', '72b7624ee7c21868ba1b7668cf907a2f', '超级管理员', '2025-06-04 15:40:44', '72b7624ee7c21868ba1b7668cf907a2f', '超级管理员', 0);
INSERT INTO `kunpeng_auth`.`auth_role_menu`(`arm_id`, `menu_id`, `role_id`, `project_id`, `remark`, `create_date`, `create_user_id`, `create_user_name`, `update_date`, `update_user_id`, `update_user_name`, `delete_flag`) VALUES ('8eaca043c6cfee82ada90a3488097399', 'db050e9d7777908686f24a970c8863a9', '2d0fb4174e9a106140a5793d2598ac00', '16f96664df6c87baee87430f76c7334d', NULL, '2025-06-04 15:40:44', '72b7624ee7c21868ba1b7668cf907a2f', '超级管理员', '2025-06-04 15:40:44', '72b7624ee7c21868ba1b7668cf907a2f', '超级管理员', 0);
INSERT INTO `kunpeng_auth`.`auth_role_menu`(`arm_id`, `menu_id`, `role_id`, `project_id`, `remark`, `create_date`, `create_user_id`, `create_user_name`, `update_date`, `update_user_id`, `update_user_name`, `delete_flag`) VALUES ('941946c94a52f57fa554962f83695f87', 'f6716bb18d60a5f0a0cf77b3c7d529b6', '2d0fb4174e9a106140a5793d2598ac00', '16f96664df6c87baee87430f76c7334d', NULL, '2025-06-04 15:40:44', '72b7624ee7c21868ba1b7668cf907a2f', '超级管理员', '2025-06-04 15:40:44', '72b7624ee7c21868ba1b7668cf907a2f', '超级管理员', 0);
INSERT INTO `kunpeng_auth`.`auth_role_menu`(`arm_id`, `menu_id`, `role_id`, `project_id`, `remark`, `create_date`, `create_user_id`, `create_user_name`, `update_date`, `update_user_id`, `update_user_name`, `delete_flag`) VALUES ('9ae6b7f0a6c43a17df18469dd786618d', 'b55d4e068f53bc4a5ad986017d65da0b', '2d0fb4174e9a106140a5793d2598ac00', '16f96664df6c87baee87430f76c7334d', NULL, '2025-06-04 15:40:44', '72b7624ee7c21868ba1b7668cf907a2f', '超级管理员', '2025-06-04 15:40:44', '72b7624ee7c21868ba1b7668cf907a2f', '超级管理员', 0);
INSERT INTO `kunpeng_auth`.`auth_role_menu`(`arm_id`, `menu_id`, `role_id`, `project_id`, `remark`, `create_date`, `create_user_id`, `create_user_name`, `update_date`, `update_user_id`, `update_user_name`, `delete_flag`) VALUES ('a5a284bd01b29d38e8ec96fb926b6965', '97c62ab2013c8a6eef3be7d6dc6e5487', '2d0fb4174e9a106140a5793d2598ac00', '16f96664df6c87baee87430f76c7334d', NULL, '2025-06-04 15:40:44', '72b7624ee7c21868ba1b7668cf907a2f', '超级管理员', '2025-06-04 15:40:44', '72b7624ee7c21868ba1b7668cf907a2f', '超级管理员', 0);
INSERT INTO `kunpeng_auth`.`auth_role_menu`(`arm_id`, `menu_id`, `role_id`, `project_id`, `remark`, `create_date`, `create_user_id`, `create_user_name`, `update_date`, `update_user_id`, `update_user_name`, `delete_flag`) VALUES ('b163475b285279e14b61e3d79f450a9c', '65f680484ec03ef1b3359ecdbb8711f2', '2d0fb4174e9a106140a5793d2598ac00', '16f96664df6c87baee87430f76c7334d', NULL, '2025-06-04 15:40:44', '72b7624ee7c21868ba1b7668cf907a2f', '超级管理员', '2025-06-04 15:40:44', '72b7624ee7c21868ba1b7668cf907a2f', '超级管理员', 0);
INSERT INTO `kunpeng_auth`.`auth_role_menu`(`arm_id`, `menu_id`, `role_id`, `project_id`, `remark`, `create_date`, `create_user_id`, `create_user_name`, `update_date`, `update_user_id`, `update_user_name`, `delete_flag`) VALUES ('b44f406a4e1a73593dff8d83caf11589', '685ed413580b0bff4ef8c0580a901e27', '2d0fb4174e9a106140a5793d2598ac00', '16f96664df6c87baee87430f76c7334d', NULL, '2025-06-04 15:40:44', '72b7624ee7c21868ba1b7668cf907a2f', '超级管理员', '2025-06-04 15:40:44', '72b7624ee7c21868ba1b7668cf907a2f', '超级管理员', 0);
INSERT INTO `kunpeng_auth`.`auth_role_menu`(`arm_id`, `menu_id`, `role_id`, `project_id`, `remark`, `create_date`, `create_user_id`, `create_user_name`, `update_date`, `update_user_id`, `update_user_name`, `delete_flag`) VALUES ('c5dc5a926df86d7bf267f55e73ce06d1', 'f399614e8b5445f1465120baa0782dab', '2d0fb4174e9a106140a5793d2598ac00', '16f96664df6c87baee87430f76c7334d', NULL, '2025-06-04 15:40:44', '72b7624ee7c21868ba1b7668cf907a2f', '超级管理员', '2025-06-04 15:40:44', '72b7624ee7c21868ba1b7668cf907a2f', '超级管理员', 0);
INSERT INTO `kunpeng_auth`.`auth_role_menu`(`arm_id`, `menu_id`, `role_id`, `project_id`, `remark`, `create_date`, `create_user_id`, `create_user_name`, `update_date`, `update_user_id`, `update_user_name`, `delete_flag`) VALUES ('c7bd7117e205aff6e36e9815aa258bb6', 'c35e39bc41c628f3f390af393f6dcc8c', '2d0fb4174e9a106140a5793d2598ac00', '16f96664df6c87baee87430f76c7334d', NULL, '2025-06-04 15:40:44', '72b7624ee7c21868ba1b7668cf907a2f', '超级管理员', '2025-06-04 15:40:44', '72b7624ee7c21868ba1b7668cf907a2f', '超级管理员', 0);
INSERT INTO `kunpeng_auth`.`auth_role_menu`(`arm_id`, `menu_id`, `role_id`, `project_id`, `remark`, `create_date`, `create_user_id`, `create_user_name`, `update_date`, `update_user_id`, `update_user_name`, `delete_flag`) VALUES ('ca22d8720a3d0f7b0f03436f882266b5', '72bd40d39226bd5d44f72167ae0a1874', '2d0fb4174e9a106140a5793d2598ac00', '16f96664df6c87baee87430f76c7334d', NULL, '2025-06-04 15:40:45', '72b7624ee7c21868ba1b7668cf907a2f', '超级管理员', '2025-06-04 15:40:45', '72b7624ee7c21868ba1b7668cf907a2f', '超级管理员', 0);
INSERT INTO `kunpeng_auth`.`auth_role_menu`(`arm_id`, `menu_id`, `role_id`, `project_id`, `remark`, `create_date`, `create_user_id`, `create_user_name`, `update_date`, `update_user_id`, `update_user_name`, `delete_flag`) VALUES ('cc63a8aae87e03bf416e802111353424', '29709d0d156e8d7868f6b0eaed4dbeb5', '2d0fb4174e9a106140a5793d2598ac00', '16f96664df6c87baee87430f76c7334d', NULL, '2025-06-04 15:40:44', '72b7624ee7c21868ba1b7668cf907a2f', '超级管理员', '2025-06-04 15:40:44', '72b7624ee7c21868ba1b7668cf907a2f', '超级管理员', 0);
INSERT INTO `kunpeng_auth`.`auth_role_menu`(`arm_id`, `menu_id`, `role_id`, `project_id`, `remark`, `create_date`, `create_user_id`, `create_user_name`, `update_date`, `update_user_id`, `update_user_name`, `delete_flag`) VALUES ('ccf711d09976f683a34dcec4f228ebff', '17bf61e5c7d73d1db000269206032aba', '2d0fb4174e9a106140a5793d2598ac00', '16f96664df6c87baee87430f76c7334d', NULL, '2025-06-04 15:40:44', '72b7624ee7c21868ba1b7668cf907a2f', '超级管理员', '2025-06-04 15:40:44', '72b7624ee7c21868ba1b7668cf907a2f', '超级管理员', 0);
INSERT INTO `kunpeng_auth`.`auth_role_menu`(`arm_id`, `menu_id`, `role_id`, `project_id`, `remark`, `create_date`, `create_user_id`, `create_user_name`, `update_date`, `update_user_id`, `update_user_name`, `delete_flag`) VALUES ('cf07cde14b81b4bcbf5a7cb8ca400bac', '9cc258f337678efe36037276b095e5b7', '2d0fb4174e9a106140a5793d2598ac00', '16f96664df6c87baee87430f76c7334d', NULL, '2025-06-04 15:40:44', '72b7624ee7c21868ba1b7668cf907a2f', '超级管理员', '2025-06-04 15:40:44', '72b7624ee7c21868ba1b7668cf907a2f', '超级管理员', 0);
INSERT INTO `kunpeng_auth`.`auth_role_menu`(`arm_id`, `menu_id`, `role_id`, `project_id`, `remark`, `create_date`, `create_user_id`, `create_user_name`, `update_date`, `update_user_id`, `update_user_name`, `delete_flag`) VALUES ('d231d5ba8960a3d2d15234d1cd98fb00', 'c1d53634a27661339c6aba07a36a6674', '2d0fb4174e9a106140a5793d2598ac00', '16f96664df6c87baee87430f76c7334d', NULL, '2025-06-04 15:40:45', '72b7624ee7c21868ba1b7668cf907a2f', '超级管理员', '2025-06-04 15:40:45', '72b7624ee7c21868ba1b7668cf907a2f', '超级管理员', 0);
INSERT INTO `kunpeng_auth`.`auth_role_menu`(`arm_id`, `menu_id`, `role_id`, `project_id`, `remark`, `create_date`, `create_user_id`, `create_user_name`, `update_date`, `update_user_id`, `update_user_name`, `delete_flag`) VALUES ('d36aafe9bc57ae80ed3cf8074dd79988', 'a1dd8cb6da8b442e357c820b4f6f29e7', '2d0fb4174e9a106140a5793d2598ac00', '16f96664df6c87baee87430f76c7334d', NULL, '2025-06-04 15:40:44', '72b7624ee7c21868ba1b7668cf907a2f', '超级管理员', '2025-06-04 15:40:44', '72b7624ee7c21868ba1b7668cf907a2f', '超级管理员', 0);
INSERT INTO `kunpeng_auth`.`auth_role_menu`(`arm_id`, `menu_id`, `role_id`, `project_id`, `remark`, `create_date`, `create_user_id`, `create_user_name`, `update_date`, `update_user_id`, `update_user_name`, `delete_flag`) VALUES ('d77ff80238871e0abe77a2f56329cbfb', '37428d82d09c0314be77e939151e620e', '2d0fb4174e9a106140a5793d2598ac00', '16f96664df6c87baee87430f76c7334d', NULL, '2025-06-04 15:40:44', '72b7624ee7c21868ba1b7668cf907a2f', '超级管理员', '2025-06-04 15:40:44', '72b7624ee7c21868ba1b7668cf907a2f', '超级管理员', 0);
INSERT INTO `kunpeng_auth`.`auth_role_menu`(`arm_id`, `menu_id`, `role_id`, `project_id`, `remark`, `create_date`, `create_user_id`, `create_user_name`, `update_date`, `update_user_id`, `update_user_name`, `delete_flag`) VALUES ('d79ba31ebc083dcbd24ff8c5b6ec5064', 'c4c259afa2172399c62fa624f7a9aa8e', '2d0fb4174e9a106140a5793d2598ac00', '16f96664df6c87baee87430f76c7334d', NULL, '2025-06-04 15:40:44', '72b7624ee7c21868ba1b7668cf907a2f', '超级管理员', '2025-06-04 15:40:44', '72b7624ee7c21868ba1b7668cf907a2f', '超级管理员', 0);
INSERT INTO `kunpeng_auth`.`auth_role_menu`(`arm_id`, `menu_id`, `role_id`, `project_id`, `remark`, `create_date`, `create_user_id`, `create_user_name`, `update_date`, `update_user_id`, `update_user_name`, `delete_flag`) VALUES ('de87d160c8759e7395bbed7819093669', '3bb9fa6ad28bbbe69e2a875de50759ad', '2d0fb4174e9a106140a5793d2598ac00', '16f96664df6c87baee87430f76c7334d', NULL, '2025-06-04 15:40:44', '72b7624ee7c21868ba1b7668cf907a2f', '超级管理员', '2025-06-04 15:40:44', '72b7624ee7c21868ba1b7668cf907a2f', '超级管理员', 0);
INSERT INTO `kunpeng_auth`.`auth_role_menu`(`arm_id`, `menu_id`, `role_id`, `project_id`, `remark`, `create_date`, `create_user_id`, `create_user_name`, `update_date`, `update_user_id`, `update_user_name`, `delete_flag`) VALUES ('df8cccf411977712509f0c087d4bc6d5', '81a3413ad8c1b24cede2638ad134ec94', '2d0fb4174e9a106140a5793d2598ac00', '16f96664df6c87baee87430f76c7334d', NULL, '2025-06-04 15:40:44', '72b7624ee7c21868ba1b7668cf907a2f', '超级管理员', '2025-06-04 15:40:44', '72b7624ee7c21868ba1b7668cf907a2f', '超级管理员', 0);
INSERT INTO `kunpeng_auth`.`auth_role_menu`(`arm_id`, `menu_id`, `role_id`, `project_id`, `remark`, `create_date`, `create_user_id`, `create_user_name`, `update_date`, `update_user_id`, `update_user_name`, `delete_flag`) VALUES ('e13a85f7dff8d143dea1b8cf284580cd', '18dc833f9d17f76840eb437188710049', '2d0fb4174e9a106140a5793d2598ac00', '16f96664df6c87baee87430f76c7334d', NULL, '2025-06-04 15:40:45', '72b7624ee7c21868ba1b7668cf907a2f', '超级管理员', '2025-06-04 15:40:45', '72b7624ee7c21868ba1b7668cf907a2f', '超级管理员', 0);
INSERT INTO `kunpeng_auth`.`auth_role_menu`(`arm_id`, `menu_id`, `role_id`, `project_id`, `remark`, `create_date`, `create_user_id`, `create_user_name`, `update_date`, `update_user_id`, `update_user_name`, `delete_flag`) VALUES ('e40e68fe7def58e6f082d2e0902b815c', 'b26f367461e1e55eb9a2432f613900c4', '2d0fb4174e9a106140a5793d2598ac00', '16f96664df6c87baee87430f76c7334d', NULL, '2025-06-04 15:40:44', '72b7624ee7c21868ba1b7668cf907a2f', '超级管理员', '2025-06-04 15:40:44', '72b7624ee7c21868ba1b7668cf907a2f', '超级管理员', 0);
INSERT INTO `kunpeng_auth`.`auth_role_menu`(`arm_id`, `menu_id`, `role_id`, `project_id`, `remark`, `create_date`, `create_user_id`, `create_user_name`, `update_date`, `update_user_id`, `update_user_name`, `delete_flag`) VALUES ('eaf1df75fe951cc5cd927c4d48cc09f4', 'd49eff9b84ff54ead807cb8a40ecea1e', '2d0fb4174e9a106140a5793d2598ac00', '16f96664df6c87baee87430f76c7334d', NULL, '2025-06-04 15:40:44', '72b7624ee7c21868ba1b7668cf907a2f', '超级管理员', '2025-06-04 15:40:44', '72b7624ee7c21868ba1b7668cf907a2f', '超级管理员', 0);
INSERT INTO `kunpeng_auth`.`auth_role_menu`(`arm_id`, `menu_id`, `role_id`, `project_id`, `remark`, `create_date`, `create_user_id`, `create_user_name`, `update_date`, `update_user_id`, `update_user_name`, `delete_flag`) VALUES ('efa7bdf2e65ac2065330740289b6800c', 'c7c77eec732d5559ace16b2eae33f288', '2d0fb4174e9a106140a5793d2598ac00', '16f96664df6c87baee87430f76c7334d', NULL, '2025-06-04 15:40:44', '72b7624ee7c21868ba1b7668cf907a2f', '超级管理员', '2025-06-04 15:40:44', '72b7624ee7c21868ba1b7668cf907a2f', '超级管理员', 0);
INSERT INTO `kunpeng_auth`.`auth_role_menu`(`arm_id`, `menu_id`, `role_id`, `project_id`, `remark`, `create_date`, `create_user_id`, `create_user_name`, `update_date`, `update_user_id`, `update_user_name`, `delete_flag`) VALUES ('f2a84ab9add01d3b9cfc4cc4b6459f35', 'f517d3854cc738c7d2be9a5c319fa7ab', '2d0fb4174e9a106140a5793d2598ac00', '16f96664df6c87baee87430f76c7334d', NULL, '2025-06-04 15:40:44', '72b7624ee7c21868ba1b7668cf907a2f', '超级管理员', '2025-06-04 15:40:44', '72b7624ee7c21868ba1b7668cf907a2f', '超级管理员', 0);
INSERT INTO `kunpeng_auth`.`auth_role_menu`(`arm_id`, `menu_id`, `role_id`, `project_id`, `remark`, `create_date`, `create_user_id`, `create_user_name`, `update_date`, `update_user_id`, `update_user_name`, `delete_flag`) VALUES ('f3b184bdd5bf256235223a82e2d35e0d', '937f3a7d8c39983df7cf48dd069a8178', '2d0fb4174e9a106140a5793d2598ac00', '16f96664df6c87baee87430f76c7334d', NULL, '2025-06-04 15:40:44', '72b7624ee7c21868ba1b7668cf907a2f', '超级管理员', '2025-06-04 15:40:44', '72b7624ee7c21868ba1b7668cf907a2f', '超级管理员', 0);
INSERT INTO `kunpeng_auth`.`auth_role_menu`(`arm_id`, `menu_id`, `role_id`, `project_id`, `remark`, `create_date`, `create_user_id`, `create_user_name`, `update_date`, `update_user_id`, `update_user_name`, `delete_flag`) VALUES ('f6b75a499b2c94732ae8443d3af2a981', '71063ec26f931ecaaba05021e7fe853a', '2d0fb4174e9a106140a5793d2598ac00', '16f96664df6c87baee87430f76c7334d', NULL, '2025-06-04 15:40:44', '72b7624ee7c21868ba1b7668cf907a2f', '超级管理员', '2025-06-04 15:40:44', '72b7624ee7c21868ba1b7668cf907a2f', '超级管理员', 0);
INSERT INTO `kunpeng_auth`.`auth_role_menu`(`arm_id`, `menu_id`, `role_id`, `project_id`, `remark`, `create_date`, `create_user_id`, `create_user_name`, `update_date`, `update_user_id`, `update_user_name`, `delete_flag`) VALUES ('f80c1e431e14d67a33447aa1090d41dd', 'ad58eed761c846d5dfabd897d7598fd1', '2d0fb4174e9a106140a5793d2598ac00', '16f96664df6c87baee87430f76c7334d', NULL, '2025-06-04 15:40:44', '72b7624ee7c21868ba1b7668cf907a2f', '超级管理员', '2025-06-04 15:40:44', '72b7624ee7c21868ba1b7668cf907a2f', '超级管理员', 0);
INSERT INTO `kunpeng_auth`.`auth_role_menu`(`arm_id`, `menu_id`, `role_id`, `project_id`, `remark`, `create_date`, `create_user_id`, `create_user_name`, `update_date`, `update_user_id`, `update_user_name`, `delete_flag`) VALUES ('fc23fd6edf9dd22ad14632c622cc995a', 'f851e450c785992b0f58b5410ef9f25a', '2d0fb4174e9a106140a5793d2598ac00', '16f96664df6c87baee87430f76c7334d', NULL, '2025-06-04 15:40:45', '72b7624ee7c21868ba1b7668cf907a2f', '超级管理员', '2025-06-04 15:40:45', '72b7624ee7c21868ba1b7668cf907a2f', '超级管理员', 0);
INSERT INTO `kunpeng_auth`.`auth_role_menu`(`arm_id`, `menu_id`, `role_id`, `project_id`, `remark`, `create_date`, `create_user_id`, `create_user_name`, `update_date`, `update_user_id`, `update_user_name`, `delete_flag`) VALUES ('ff66775dbd36f23a04b445e728d18149', 'a473ac62e19cf913d44ff6e5a51c7819', '2d0fb4174e9a106140a5793d2598ac00', '16f96664df6c87baee87430f76c7334d', NULL, '2025-06-04 15:40:44', '72b7624ee7c21868ba1b7668cf907a2f', '超级管理员', '2025-06-04 15:40:44', '72b7624ee7c21868ba1b7668cf907a2f', '超级管理员', 0);



INSERT INTO `kunpeng_auth`.`auth_project`(`project_id`, `project_name`, `project_code`, `project_url`, `status`, `manage`, `app_id`, `app_secret`, `token_failure`, `token_gain_max_num`, `voucher`, `remark`, `create_date`, `create_user_id`, `create_user_name`, `update_date`, `update_user_id`, `update_user_name`, `delete_flag`) VALUES ('16f96664df6c87baee87430f76c7334d', '鉴权系统', 'authentication', '123', 1, 1, 'dec07c949f464e18ae0ba2b4ef3f1494', '5OBL1TQLPKKP91T2FH5UCO4YAUTP511SQ6BNGIPKREMH51Q5GS10K9QJA8PO', 12, 100, '$2a$10$dgv.rB7K/SKrvQE0TThLsOWVuN28PI4earuSa21nzg13y./o2b8xS', NULL, '2025-03-24 09:12:39', '72b7624ee7c21868ba1b7668cf907a2f', '管理员', '2025-05-07 17:17:03', '72b7624ee7c21868ba1b7668cf907a2f', '超级管理员', 0);

INSERT INTO `kunpeng_auth`.`auth_dept`(`dept_id`, `parent_id`, `top_dept_id`, `dept_name`, `ancestors`, `hierarchy`, `status`, `sort`, `trilateral_id`, `source`, `remark`, `create_date`, `create_user_id`, `create_user_name`, `update_date`, `update_user_id`, `update_user_name`, `delete_flag`) VALUES ('0910af7206889b7925d377c1c6a29ff3', 'c73b7fda9e357f3117fa388f560fb697', 'c73b7fda9e357f3117fa388f560fb697', '法务部', 'c73b7fda9e357f3117fa388f560fb697', 2, 1, 14, NULL, '鉴权系统', NULL, '2025-04-09 16:16:26', '72b7624ee7c21868ba1b7668cf907a2f', '管理员', '2025-05-07 11:33:06', '72b7624ee7c21868ba1b7668cf907a2f', '管理员', 0);
INSERT INTO `kunpeng_auth`.`auth_dept`(`dept_id`, `parent_id`, `top_dept_id`, `dept_name`, `ancestors`, `hierarchy`, `status`, `sort`, `trilateral_id`, `source`, `remark`, `create_date`, `create_user_id`, `create_user_name`, `update_date`, `update_user_id`, `update_user_name`, `delete_flag`) VALUES ('09dc9457d4b16146960c219479666879', 'c73b7fda9e357f3117fa388f560fb697', 'c73b7fda9e357f3117fa388f560fb697', '人力资源部', 'c73b7fda9e357f3117fa388f560fb697', 2, 1, 2, NULL, '鉴权系统', NULL, '2025-04-09 16:22:18', '72b7624ee7c21868ba1b7668cf907a2f', '管理员', '2025-05-07 11:33:06', '72b7624ee7c21868ba1b7668cf907a2f', '管理员', 0);
INSERT INTO `kunpeng_auth`.`auth_dept`(`dept_id`, `parent_id`, `top_dept_id`, `dept_name`, `ancestors`, `hierarchy`, `status`, `sort`, `trilateral_id`, `source`, `remark`, `create_date`, `create_user_id`, `create_user_name`, `update_date`, `update_user_id`, `update_user_name`, `delete_flag`) VALUES ('435b5984503d43f8888a5cc448141ceb', '09dc9457d4b16146960c219479666879', 'c73b7fda9e357f3117fa388f560fb697', '招聘部门', 'c73b7fda9e357f3117fa388f560fb697,09dc9457d4b16146960c219479666879', 3, 1, 3, NULL, '鉴权系统', NULL, '2025-04-09 16:40:31', '72b7624ee7c21868ba1b7668cf907a2f', '管理员', '2025-05-07 11:33:06', '72b7624ee7c21868ba1b7668cf907a2f', '管理员', 0);
INSERT INTO `kunpeng_auth`.`auth_dept`(`dept_id`, `parent_id`, `top_dept_id`, `dept_name`, `ancestors`, `hierarchy`, `status`, `sort`, `trilateral_id`, `source`, `remark`, `create_date`, `create_user_id`, `create_user_name`, `update_date`, `update_user_id`, `update_user_name`, `delete_flag`) VALUES ('af9218ea2274cc5d8f248c3d01b33b15', 'e6abc20ebbc20af0ad536410d4adb6d6', 'c73b7fda9e357f3117fa388f560fb697', '研发部门', 'c73b7fda9e357f3117fa388f560fb697,e6abc20ebbc20af0ad536410d4adb6d6', 3, 1, 9, NULL, '鉴权系统', NULL, '2025-04-09 17:15:14', '72b7624ee7c21868ba1b7668cf907a2f', '管理员', '2025-05-07 11:33:06', '72b7624ee7c21868ba1b7668cf907a2f', '管理员', 0);
INSERT INTO `kunpeng_auth`.`auth_dept`(`dept_id`, `parent_id`, `top_dept_id`, `dept_name`, `ancestors`, `hierarchy`, `status`, `sort`, `trilateral_id`, `source`, `remark`, `create_date`, `create_user_id`, `create_user_name`, `update_date`, `update_user_id`, `update_user_name`, `delete_flag`) VALUES ('c4b097522e65df30ede427d625a13a5e', 'c73b7fda9e357f3117fa388f560fb697', 'c73b7fda9e357f3117fa388f560fb697', '财务部', 'c73b7fda9e357f3117fa388f560fb697', 2, 1, 5, NULL, '鉴权系统', NULL, '2025-04-09 16:52:18', '72b7624ee7c21868ba1b7668cf907a2f', '管理员', '2025-05-07 11:33:06', '72b7624ee7c21868ba1b7668cf907a2f', '管理员', 0);
INSERT INTO `kunpeng_auth`.`auth_dept`(`dept_id`, `parent_id`, `top_dept_id`, `dept_name`, `ancestors`, `hierarchy`, `status`, `sort`, `trilateral_id`, `source`, `remark`, `create_date`, `create_user_id`, `create_user_name`, `update_date`, `update_user_id`, `update_user_name`, `delete_flag`) VALUES ('c59c109a13fc55d90298f157584f52eb', 'c4b097522e65df30ede427d625a13a5e', 'c73b7fda9e357f3117fa388f560fb697', '工资发放部门', 'c73b7fda9e357f3117fa388f560fb697,c4b097522e65df30ede427d625a13a5e', 3, 1, 7, NULL, '鉴权系统', NULL, '2025-04-09 16:54:13', '72b7624ee7c21868ba1b7668cf907a2f', '管理员', '2025-05-07 11:33:06', '72b7624ee7c21868ba1b7668cf907a2f', '管理员', 0);
INSERT INTO `kunpeng_auth`.`auth_dept`(`dept_id`, `parent_id`, `top_dept_id`, `dept_name`, `ancestors`, `hierarchy`, `status`, `sort`, `trilateral_id`, `source`, `remark`, `create_date`, `create_user_id`, `create_user_name`, `update_date`, `update_user_id`, `update_user_name`, `delete_flag`) VALUES ('c73b7fda9e357f3117fa388f560fb697', '', '', '某某有限责任公司', '', 1, 1, 1, NULL, '鉴权系统', NULL, '2025-04-09 16:15:00', '72b7624ee7c21868ba1b7668cf907a2f', '管理员', '2025-05-07 11:33:18', '72b7624ee7c21868ba1b7668cf907a2f', '管理员', 0);
INSERT INTO `kunpeng_auth`.`auth_dept`(`dept_id`, `parent_id`, `top_dept_id`, `dept_name`, `ancestors`, `hierarchy`, `status`, `sort`, `trilateral_id`, `source`, `remark`, `create_date`, `create_user_id`, `create_user_name`, `update_date`, `update_user_id`, `update_user_name`, `delete_flag`) VALUES ('e0baf8be5c61a4b8b7db1d528ce776a4', 'c73b7fda9e357f3117fa388f560fb697', 'c73b7fda9e357f3117fa388f560fb697', '纪检部', 'c73b7fda9e357f3117fa388f560fb697', 2, 1, 13, NULL, '鉴权系统', NULL, '2025-04-09 16:16:58', '72b7624ee7c21868ba1b7668cf907a2f', '管理员', '2025-05-07 11:33:06', '72b7624ee7c21868ba1b7668cf907a2f', '管理员', 0);
INSERT INTO `kunpeng_auth`.`auth_dept`(`dept_id`, `parent_id`, `top_dept_id`, `dept_name`, `ancestors`, `hierarchy`, `status`, `sort`, `trilateral_id`, `source`, `remark`, `create_date`, `create_user_id`, `create_user_name`, `update_date`, `update_user_id`, `update_user_name`, `delete_flag`) VALUES ('e6abc20ebbc20af0ad536410d4adb6d6', 'c73b7fda9e357f3117fa388f560fb697', 'c73b7fda9e357f3117fa388f560fb697', '网络技术部', 'c73b7fda9e357f3117fa388f560fb697', 2, 1, 8, NULL, '鉴权系统', NULL, '2025-04-09 17:14:54', '72b7624ee7c21868ba1b7668cf907a2f', '管理员', '2025-05-07 11:33:06', '72b7624ee7c21868ba1b7668cf907a2f', '管理员', 0);
INSERT INTO `kunpeng_auth`.`auth_dept`(`dept_id`, `parent_id`, `top_dept_id`, `dept_name`, `ancestors`, `hierarchy`, `status`, `sort`, `trilateral_id`, `source`, `remark`, `create_date`, `create_user_id`, `create_user_name`, `update_date`, `update_user_id`, `update_user_name`, `delete_flag`) VALUES ('fc9dfec97a7f9f9eb9f0ef56492cd979', 'e6abc20ebbc20af0ad536410d4adb6d6', 'c73b7fda9e357f3117fa388f560fb697', '运维部门', 'c73b7fda9e357f3117fa388f560fb697,e6abc20ebbc20af0ad536410d4adb6d6', 3, 1, 10, NULL, '鉴权系统', NULL, '2025-04-09 17:15:25', '72b7624ee7c21868ba1b7668cf907a2f', '管理员', '2025-05-07 11:33:06', '72b7624ee7c21868ba1b7668cf907a2f', '管理员', 0);
INSERT INTO `kunpeng_auth`.`auth_dept`(`dept_id`, `parent_id`, `top_dept_id`, `dept_name`, `ancestors`, `hierarchy`, `status`, `sort`, `trilateral_id`, `source`, `remark`, `create_date`, `create_user_id`, `create_user_name`, `update_date`, `update_user_id`, `update_user_name`, `delete_flag`) VALUES ('fe067e48b91fa509fe23ae85b68f0b66', 'c4b097522e65df30ede427d625a13a5e', 'c73b7fda9e357f3117fa388f560fb697', '工资计算部门', 'c73b7fda9e357f3117fa388f560fb697,c4b097522e65df30ede427d625a13a5e', 3, 1, 6, NULL, '鉴权系统', NULL, '2025-04-09 16:53:28', '72b7624ee7c21868ba1b7668cf907a2f', '管理员', '2025-05-07 11:33:06', '72b7624ee7c21868ba1b7668cf907a2f', '管理员', 0);
INSERT INTO `kunpeng_auth`.`auth_dept`(`dept_id`, `parent_id`, `top_dept_id`, `dept_name`, `ancestors`, `hierarchy`, `status`, `sort`, `trilateral_id`, `source`, `remark`, `create_date`, `create_user_id`, `create_user_name`, `update_date`, `update_user_id`, `update_user_name`, `delete_flag`) VALUES ('fe23bbcc817d338d15e95060e628deac', '09dc9457d4b16146960c219479666879', 'c73b7fda9e357f3117fa388f560fb697', '人资开发中心', 'c73b7fda9e357f3117fa388f560fb697,09dc9457d4b16146960c219479666879', 3, 1, 4, NULL, '鉴权系统', NULL, '2025-04-09 16:39:56', '72b7624ee7c21868ba1b7668cf907a2f', '管理员', '2025-05-07 11:33:06', '72b7624ee7c21868ba1b7668cf907a2f', '管理员', 0);


INSERT INTO `kunpeng_auth`.`auth_menu`(`menu_id`, `parent_id`, `project_id`, `ancestors`, `menu_name`, `route_name`, `route_path`, `route_component`, `sort`, `frame_status`, `menu_type`, `perms`, `icon`, `visible`, `is_enable`, `is_cache`, `remark`, `create_date`, `create_user_id`, `create_user_name`, `update_date`, `update_user_id`, `update_user_name`, `delete_flag`) VALUES ('074e70975aadc32b02b988ae05331e7f', 'b9ace5522491e98b73632d63a630817d', '16f96664df6c87baee87430f76c7334d', '0,b9ace5522491e98b73632d63a630817d', 'Nacos', 'Nacos', 'nacos', 'http://47.94.202.72:8848/nacos/', 57, 3, 'C', NULL, 'fa-solid:dice-d20', 1, 1, 0, NULL, '2025-06-03 16:37:42', '72b7624ee7c21868ba1b7668cf907a2f', '超级管理员', '2025-06-11 15:13:06', '72b7624ee7c21868ba1b7668cf907a2f', '超级管理员', 0);
INSERT INTO `kunpeng_auth`.`auth_menu`(`menu_id`, `parent_id`, `project_id`, `ancestors`, `menu_name`, `route_name`, `route_path`, `route_component`, `sort`, `frame_status`, `menu_type`, `perms`, `icon`, `visible`, `is_enable`, `is_cache`, `remark`, `create_date`, `create_user_id`, `create_user_name`, `update_date`, `update_user_id`, `update_user_name`, `delete_flag`) VALUES ('0fba5d474a36b92129b02f7c905b49a5', '72bd40d39226bd5d44f72167ae0a1874', '16f96664df6c87baee87430f76c7334d', '0,72bd40d39226bd5d44f72167ae0a1874', '接口调用次数监控', 'MonitorInterface', 'monitor/interface', 'views/monitor/interface.vue', 61, 1, 'C', NULL, 'fa-solid:list-ol', 1, 1, 0, NULL, '2025-06-11 15:11:08', '72b7624ee7c21868ba1b7668cf907a2f', '超级管理员', '2025-06-11 15:13:06', '72b7624ee7c21868ba1b7668cf907a2f', '超级管理员', 0);
INSERT INTO `kunpeng_auth`.`auth_menu`(`menu_id`, `parent_id`, `project_id`, `ancestors`, `menu_name`, `route_name`, `route_path`, `route_component`, `sort`, `frame_status`, `menu_type`, `perms`, `icon`, `visible`, `is_enable`, `is_cache`, `remark`, `create_date`, `create_user_id`, `create_user_name`, `update_date`, `update_user_id`, `update_user_name`, `delete_flag`) VALUES ('13547fb4ff4cc0afb070ae7ed98fc3ca', 'f6716bb18d60a5f0a0cf77b3c7d529b6', '16f96664df6c87baee87430f76c7334d', '0,97c62ab2013c8a6eef3be7d6dc6e5487,f6716bb18d60a5f0a0cf77b3c7d529b6', '清空接口缓存', NULL, NULL, NULL, 52, 1, 'B', 'auth:interface:log:clear:cache', NULL, 1, 1, 0, NULL, '2025-06-02 15:17:04', '72b7624ee7c21868ba1b7668cf907a2f', '超级管理员', '2025-06-11 15:13:06', '72b7624ee7c21868ba1b7668cf907a2f', '超级管理员', 0);
INSERT INTO `kunpeng_auth`.`auth_menu`(`menu_id`, `parent_id`, `project_id`, `ancestors`, `menu_name`, `route_name`, `route_path`, `route_component`, `sort`, `frame_status`, `menu_type`, `perms`, `icon`, `visible`, `is_enable`, `is_cache`, `remark`, `create_date`, `create_user_id`, `create_user_name`, `update_date`, `update_user_id`, `update_user_name`, `delete_flag`) VALUES ('1493f5ff5c8fe5f30cb12752022cc067', 'bf0c50d313972ba6fda70a34a0f30d57', '16f96664df6c87baee87430f76c7334d', '0,fb35408351fc9762ff8c2f2904fa39a6,bf0c50d313972ba6fda70a34a0f30d57', '查询菜单详情', NULL, NULL, NULL, 41, 1, 'B', 'auth:menu:details', NULL, 1, 1, 0, NULL, '2025-04-20 15:38:34', '72b7624ee7c21868ba1b7668cf907a2f', '管理员', '2025-06-11 15:13:06', '72b7624ee7c21868ba1b7668cf907a2f', '超级管理员', 0);
INSERT INTO `kunpeng_auth`.`auth_menu`(`menu_id`, `parent_id`, `project_id`, `ancestors`, `menu_name`, `route_name`, `route_path`, `route_component`, `sort`, `frame_status`, `menu_type`, `perms`, `icon`, `visible`, `is_enable`, `is_cache`, `remark`, `create_date`, `create_user_id`, `create_user_name`, `update_date`, `update_user_id`, `update_user_name`, `delete_flag`) VALUES ('17bf61e5c7d73d1db000269206032aba', 'bf0c50d313972ba6fda70a34a0f30d57', '16f96664df6c87baee87430f76c7334d', '0,fb35408351fc9762ff8c2f2904fa39a6,bf0c50d313972ba6fda70a34a0f30d57', '新增菜单', NULL, NULL, NULL, 42, 1, 'B', 'auth:menu:save', NULL, 1, 1, 0, NULL, '2025-04-20 16:50:20', '72b7624ee7c21868ba1b7668cf907a2f', '管理员', '2025-06-11 15:13:06', '72b7624ee7c21868ba1b7668cf907a2f', '超级管理员', 0);
INSERT INTO `kunpeng_auth`.`auth_menu`(`menu_id`, `parent_id`, `project_id`, `ancestors`, `menu_name`, `route_name`, `route_path`, `route_component`, `sort`, `frame_status`, `menu_type`, `perms`, `icon`, `visible`, `is_enable`, `is_cache`, `remark`, `create_date`, `create_user_id`, `create_user_name`, `update_date`, `update_user_id`, `update_user_name`, `delete_flag`) VALUES ('1845b8749256361a37fe434950ffa9f5', 'fb35408351fc9762ff8c2f2904fa39a6', '16f96664df6c87baee87430f76c7334d', '0,fb35408351fc9762ff8c2f2904fa39a6', '用户管理', 'SystemUser', 'system/user/index', 'views/system/user/index.vue', 2, 1, 'C', 'auth:user:page:list', 'ri:admin-line', 1, 1, 0, NULL, '2025-04-29 14:34:44', '72b7624ee7c21868ba1b7668cf907a2f', '管理员', '2025-06-11 15:13:06', '72b7624ee7c21868ba1b7668cf907a2f', '超级管理员', 0);
INSERT INTO `kunpeng_auth`.`auth_menu`(`menu_id`, `parent_id`, `project_id`, `ancestors`, `menu_name`, `route_name`, `route_path`, `route_component`, `sort`, `frame_status`, `menu_type`, `perms`, `icon`, `visible`, `is_enable`, `is_cache`, `remark`, `create_date`, `create_user_id`, `create_user_name`, `update_date`, `update_user_id`, `update_user_name`, `delete_flag`) VALUES ('18dc833f9d17f76840eb437188710049', '0', '16f96664df6c87baee87430f76c7334d', '0', '文档管理', NULL, 'document', NULL, 63, 1, 'M', NULL, 'ri:book-2-fill', 1, 1, 0, NULL, '2025-06-02 16:15:32', '72b7624ee7c21868ba1b7668cf907a2f', '超级管理员', '2025-06-11 15:13:06', '72b7624ee7c21868ba1b7668cf907a2f', '超级管理员', 0);
INSERT INTO `kunpeng_auth`.`auth_menu`(`menu_id`, `parent_id`, `project_id`, `ancestors`, `menu_name`, `route_name`, `route_path`, `route_component`, `sort`, `frame_status`, `menu_type`, `perms`, `icon`, `visible`, `is_enable`, `is_cache`, `remark`, `create_date`, `create_user_id`, `create_user_name`, `update_date`, `update_user_id`, `update_user_name`, `delete_flag`) VALUES ('1b91ad81697075088ecca029a2f31178', 'b9ace5522491e98b73632d63a630817d', '16f96664df6c87baee87430f76c7334d', '0,b9ace5522491e98b73632d63a630817d', 'Sentinel', 'Sentinel', 'Sentinel', 'http://47.94.202.72:7000/', 65, 2, 'C', NULL, 'fa-solid:dice-d20', 1, 1, 0, NULL, '2025-06-23 16:16:00', '72b7624ee7c21868ba1b7668cf907a2f', '超级管理员', '2025-06-23 16:29:16', '72b7624ee7c21868ba1b7668cf907a2f', '超级管理员', 0);
INSERT INTO `kunpeng_auth`.`auth_menu`(`menu_id`, `parent_id`, `project_id`, `ancestors`, `menu_name`, `route_name`, `route_path`, `route_component`, `sort`, `frame_status`, `menu_type`, `perms`, `icon`, `visible`, `is_enable`, `is_cache`, `remark`, `create_date`, `create_user_id`, `create_user_name`, `update_date`, `update_user_id`, `update_user_name`, `delete_flag`) VALUES ('1d69be0be09a8b89cd8d4f73ee4f068c', '1845b8749256361a37fe434950ffa9f5', '16f96664df6c87baee87430f76c7334d', '0,fb35408351fc9762ff8c2f2904fa39a6,1845b8749256361a37fe434950ffa9f5', '批量删除用户信息', NULL, NULL, NULL, 6, 1, 'B', 'auth:user:batch:remove', NULL, 1, 1, 0, NULL, '2025-04-30 14:08:42', '72b7624ee7c21868ba1b7668cf907a2f', '管理员', '2025-06-11 15:13:06', '72b7624ee7c21868ba1b7668cf907a2f', '超级管理员', 0);
INSERT INTO `kunpeng_auth`.`auth_menu`(`menu_id`, `parent_id`, `project_id`, `ancestors`, `menu_name`, `route_name`, `route_path`, `route_component`, `sort`, `frame_status`, `menu_type`, `perms`, `icon`, `visible`, `is_enable`, `is_cache`, `remark`, `create_date`, `create_user_id`, `create_user_name`, `update_date`, `update_user_id`, `update_user_name`, `delete_flag`) VALUES ('29709d0d156e8d7868f6b0eaed4dbeb5', '81a3413ad8c1b24cede2638ad134ec94', '16f96664df6c87baee87430f76c7334d', '0,fb35408351fc9762ff8c2f2904fa39a6,81a3413ad8c1b24cede2638ad134ec94', '新增部门', NULL, NULL, NULL, 22, 1, 'B', 'auth:dept:save', NULL, 1, 1, 0, NULL, '2025-04-21 09:26:56', '72b7624ee7c21868ba1b7668cf907a2f', '管理员', '2025-06-11 15:13:06', '72b7624ee7c21868ba1b7668cf907a2f', '超级管理员', 0);
INSERT INTO `kunpeng_auth`.`auth_menu`(`menu_id`, `parent_id`, `project_id`, `ancestors`, `menu_name`, `route_name`, `route_path`, `route_component`, `sort`, `frame_status`, `menu_type`, `perms`, `icon`, `visible`, `is_enable`, `is_cache`, `remark`, `create_date`, `create_user_id`, `create_user_name`, `update_date`, `update_user_id`, `update_user_name`, `delete_flag`) VALUES ('37428d82d09c0314be77e939151e620e', '433a5f2f2ef191c527fd7bc56343058a', '16f96664df6c87baee87430f76c7334d', '0,fb35408351fc9762ff8c2f2904fa39a6,433a5f2f2ef191c527fd7bc56343058a', '批量删除项目', NULL, NULL, NULL, 37, 1, 'B', 'auth:project:batch:remove', NULL, 1, 1, 0, NULL, '2025-04-20 17:02:32', '72b7624ee7c21868ba1b7668cf907a2f', '管理员', '2025-06-11 15:13:06', '72b7624ee7c21868ba1b7668cf907a2f', '超级管理员', 0);
INSERT INTO `kunpeng_auth`.`auth_menu`(`menu_id`, `parent_id`, `project_id`, `ancestors`, `menu_name`, `route_name`, `route_path`, `route_component`, `sort`, `frame_status`, `menu_type`, `perms`, `icon`, `visible`, `is_enable`, `is_cache`, `remark`, `create_date`, `create_user_id`, `create_user_name`, `update_date`, `update_user_id`, `update_user_name`, `delete_flag`) VALUES ('37d0743928593e12a9217bc8eab301ba', '97c62ab2013c8a6eef3be7d6dc6e5487', '16f96664df6c87baee87430f76c7334d', '0,97c62ab2013c8a6eef3be7d6dc6e5487', 'Http调用日志', 'JournalHttp', 'journal/http', 'views/journal/http.vue', 54, 1, 'C', 'auth:http:log:page:list', 'ri:git-pull-request-line', 1, 1, 1, NULL, '2025-06-02 15:50:41', '72b7624ee7c21868ba1b7668cf907a2f', '超级管理员', '2025-06-11 15:13:06', '72b7624ee7c21868ba1b7668cf907a2f', '超级管理员', 0);
INSERT INTO `kunpeng_auth`.`auth_menu`(`menu_id`, `parent_id`, `project_id`, `ancestors`, `menu_name`, `route_name`, `route_path`, `route_component`, `sort`, `frame_status`, `menu_type`, `perms`, `icon`, `visible`, `is_enable`, `is_cache`, `remark`, `create_date`, `create_user_id`, `create_user_name`, `update_date`, `update_user_id`, `update_user_name`, `delete_flag`) VALUES ('3933c42d9d5aadee7ec51689d4e1e63f', 'fb35408351fc9762ff8c2f2904fa39a6', '16f96664df6c87baee87430f76c7334d', '0,fb35408351fc9762ff8c2f2904fa39a6', '岗位管理', 'SystemPost', 'system/post/index', 'views/system/post/index.vue', 27, 1, 'C', 'auth:post:page:list', 'ep:postcard', 1, 1, 0, NULL, '2025-04-20 17:38:14', '72b7624ee7c21868ba1b7668cf907a2f', '管理员', '2025-06-11 15:13:06', '72b7624ee7c21868ba1b7668cf907a2f', '超级管理员', 0);
INSERT INTO `kunpeng_auth`.`auth_menu`(`menu_id`, `parent_id`, `project_id`, `ancestors`, `menu_name`, `route_name`, `route_path`, `route_component`, `sort`, `frame_status`, `menu_type`, `perms`, `icon`, `visible`, `is_enable`, `is_cache`, `remark`, `create_date`, `create_user_id`, `create_user_name`, `update_date`, `update_user_id`, `update_user_name`, `delete_flag`) VALUES ('3bb9fa6ad28bbbe69e2a875de50759ad', 'f6716bb18d60a5f0a0cf77b3c7d529b6', '16f96664df6c87baee87430f76c7334d', '0,97c62ab2013c8a6eef3be7d6dc6e5487,f6716bb18d60a5f0a0cf77b3c7d529b6', '查询接口记录详情', NULL, NULL, NULL, 53, 1, 'B', 'auth:interface:log:details', NULL, 1, 1, 0, NULL, '2025-06-02 15:17:36', '72b7624ee7c21868ba1b7668cf907a2f', '超级管理员', '2025-06-11 15:13:06', '72b7624ee7c21868ba1b7668cf907a2f', '超级管理员', 0);
INSERT INTO `kunpeng_auth`.`auth_menu`(`menu_id`, `parent_id`, `project_id`, `ancestors`, `menu_name`, `route_name`, `route_path`, `route_component`, `sort`, `frame_status`, `menu_type`, `perms`, `icon`, `visible`, `is_enable`, `is_cache`, `remark`, `create_date`, `create_user_id`, `create_user_name`, `update_date`, `update_user_id`, `update_user_name`, `delete_flag`) VALUES ('433a5f2f2ef191c527fd7bc56343058a', 'fb35408351fc9762ff8c2f2904fa39a6', '16f96664df6c87baee87430f76c7334d', '0,fb35408351fc9762ff8c2f2904fa39a6', '项目管理', 'SystemProject', 'system/project/index', 'views/system/project/index.vue', 33, 1, 'C', 'auth:project:page:list', 'fa-solid:project-diagram', 1, 1, 0, NULL, '2025-04-20 17:01:41', '72b7624ee7c21868ba1b7668cf907a2f', '管理员', '2025-06-11 15:13:06', '72b7624ee7c21868ba1b7668cf907a2f', '超级管理员', 0);
INSERT INTO `kunpeng_auth`.`auth_menu`(`menu_id`, `parent_id`, `project_id`, `ancestors`, `menu_name`, `route_name`, `route_path`, `route_component`, `sort`, `frame_status`, `menu_type`, `perms`, `icon`, `visible`, `is_enable`, `is_cache`, `remark`, `create_date`, `create_user_id`, `create_user_name`, `update_date`, `update_user_id`, `update_user_name`, `delete_flag`) VALUES ('44a7bcf742ec8b625b4041d7a1f6f87a', '571ff0f82da9cf43f19bb60fac1ffef4', '16f96664df6c87baee87430f76c7334d', '0,fb35408351fc9762ff8c2f2904fa39a6,571ff0f82da9cf43f19bb60fac1ffef4', '设置数据权限', NULL, NULL, NULL, 18, 1, 'B', 'auth:role:permission:setting:install', NULL, 1, 1, 0, NULL, '2025-05-15 14:48:41', '72b7624ee7c21868ba1b7668cf907a2f', '超级管理员', '2025-06-11 15:13:06', '72b7624ee7c21868ba1b7668cf907a2f', '超级管理员', 0);
INSERT INTO `kunpeng_auth`.`auth_menu`(`menu_id`, `parent_id`, `project_id`, `ancestors`, `menu_name`, `route_name`, `route_path`, `route_component`, `sort`, `frame_status`, `menu_type`, `perms`, `icon`, `visible`, `is_enable`, `is_cache`, `remark`, `create_date`, `create_user_id`, `create_user_name`, `update_date`, `update_user_id`, `update_user_name`, `delete_flag`) VALUES ('55765f41eb0e79ca737417d348b5d03c', '1845b8749256361a37fe434950ffa9f5', '16f96664df6c87baee87430f76c7334d', '0,fb35408351fc9762ff8c2f2904fa39a6,1845b8749256361a37fe434950ffa9f5', '查询用户详情', NULL, NULL, NULL, 3, 1, 'B', 'auth:user:details', NULL, 1, 1, 0, NULL, '2025-04-30 14:11:48', '72b7624ee7c21868ba1b7668cf907a2f', '管理员', '2025-06-11 15:13:06', '72b7624ee7c21868ba1b7668cf907a2f', '超级管理员', 0);
INSERT INTO `kunpeng_auth`.`auth_menu`(`menu_id`, `parent_id`, `project_id`, `ancestors`, `menu_name`, `route_name`, `route_path`, `route_component`, `sort`, `frame_status`, `menu_type`, `perms`, `icon`, `visible`, `is_enable`, `is_cache`, `remark`, `create_date`, `create_user_id`, `create_user_name`, `update_date`, `update_user_id`, `update_user_name`, `delete_flag`) VALUES ('571ff0f82da9cf43f19bb60fac1ffef4', 'fb35408351fc9762ff8c2f2904fa39a6', '16f96664df6c87baee87430f76c7334d', '0,fb35408351fc9762ff8c2f2904fa39a6', '角色管理', 'SystemRole', 'system/role/index', 'views/system/role/index.vue', 11, 1, 'C', 'auth:role:page:list', 'ri:shield-user-fill', 1, 1, 0, NULL, '2025-04-21 09:15:24', '72b7624ee7c21868ba1b7668cf907a2f', '管理员', '2025-06-11 15:13:06', '72b7624ee7c21868ba1b7668cf907a2f', '超级管理员', 0);
INSERT INTO `kunpeng_auth`.`auth_menu`(`menu_id`, `parent_id`, `project_id`, `ancestors`, `menu_name`, `route_name`, `route_path`, `route_component`, `sort`, `frame_status`, `menu_type`, `perms`, `icon`, `visible`, `is_enable`, `is_cache`, `remark`, `create_date`, `create_user_id`, `create_user_name`, `update_date`, `update_user_id`, `update_user_name`, `delete_flag`) VALUES ('5b099f54803499560e19f3b8760d286a', '81a3413ad8c1b24cede2638ad134ec94', '16f96664df6c87baee87430f76c7334d', '0,fb35408351fc9762ff8c2f2904fa39a6,81a3413ad8c1b24cede2638ad134ec94', '批量删除部门', NULL, NULL, NULL, 24, 1, 'B', 'auth:dept:batch:remove', NULL, 1, 1, 0, NULL, '2025-04-21 09:25:24', '72b7624ee7c21868ba1b7668cf907a2f', '管理员', '2025-06-11 15:13:06', '72b7624ee7c21868ba1b7668cf907a2f', '超级管理员', 0);
INSERT INTO `kunpeng_auth`.`auth_menu`(`menu_id`, `parent_id`, `project_id`, `ancestors`, `menu_name`, `route_name`, `route_path`, `route_component`, `sort`, `frame_status`, `menu_type`, `perms`, `icon`, `visible`, `is_enable`, `is_cache`, `remark`, `create_date`, `create_user_id`, `create_user_name`, `update_date`, `update_user_id`, `update_user_name`, `delete_flag`) VALUES ('5c48d97f6704d75597e1c075b491b945', '1845b8749256361a37fe434950ffa9f5', '16f96664df6c87baee87430f76c7334d', '0,fb35408351fc9762ff8c2f2904fa39a6,1845b8749256361a37fe434950ffa9f5', '管理员重置密码', NULL, NULL, NULL, 10, 1, 'B', 'auth:user:reset', NULL, 1, 1, 0, NULL, '2025-05-08 17:16:30', '72b7624ee7c21868ba1b7668cf907a2f', '超级管理员', '2025-06-11 15:13:06', '72b7624ee7c21868ba1b7668cf907a2f', '超级管理员', 0);
INSERT INTO `kunpeng_auth`.`auth_menu`(`menu_id`, `parent_id`, `project_id`, `ancestors`, `menu_name`, `route_name`, `route_path`, `route_component`, `sort`, `frame_status`, `menu_type`, `perms`, `icon`, `visible`, `is_enable`, `is_cache`, `remark`, `create_date`, `create_user_id`, `create_user_name`, `update_date`, `update_user_id`, `update_user_name`, `delete_flag`) VALUES ('65f680484ec03ef1b3359ecdbb8711f2', '81a3413ad8c1b24cede2638ad134ec94', '16f96664df6c87baee87430f76c7334d', '0,fb35408351fc9762ff8c2f2904fa39a6,81a3413ad8c1b24cede2638ad134ec94', '修改部门状态', NULL, NULL, NULL, 25, 1, 'B', 'auth:dept:do:status', NULL, 1, 1, 0, NULL, '2025-04-21 09:26:39', '72b7624ee7c21868ba1b7668cf907a2f', '管理员', '2025-06-11 15:13:06', '72b7624ee7c21868ba1b7668cf907a2f', '超级管理员', 0);
INSERT INTO `kunpeng_auth`.`auth_menu`(`menu_id`, `parent_id`, `project_id`, `ancestors`, `menu_name`, `route_name`, `route_path`, `route_component`, `sort`, `frame_status`, `menu_type`, `perms`, `icon`, `visible`, `is_enable`, `is_cache`, `remark`, `create_date`, `create_user_id`, `create_user_name`, `update_date`, `update_user_id`, `update_user_name`, `delete_flag`) VALUES ('685ed413580b0bff4ef8c0580a901e27', '3933c42d9d5aadee7ec51689d4e1e63f', '16f96664df6c87baee87430f76c7334d', '0,fb35408351fc9762ff8c2f2904fa39a6,3933c42d9d5aadee7ec51689d4e1e63f', '新增岗位', NULL, NULL, NULL, 29, 1, 'B', 'auth:post:save', NULL, 1, 1, 0, NULL, '2025-04-20 17:40:49', '72b7624ee7c21868ba1b7668cf907a2f', '管理员', '2025-06-11 15:13:06', '72b7624ee7c21868ba1b7668cf907a2f', '超级管理员', 0);
INSERT INTO `kunpeng_auth`.`auth_menu`(`menu_id`, `parent_id`, `project_id`, `ancestors`, `menu_name`, `route_name`, `route_path`, `route_component`, `sort`, `frame_status`, `menu_type`, `perms`, `icon`, `visible`, `is_enable`, `is_cache`, `remark`, `create_date`, `create_user_id`, `create_user_name`, `update_date`, `update_user_id`, `update_user_name`, `delete_flag`) VALUES ('68f49d0d5dca1ed96b4cef643c346e25', '433a5f2f2ef191c527fd7bc56343058a', '16f96664df6c87baee87430f76c7334d', '0,fb35408351fc9762ff8c2f2904fa39a6,433a5f2f2ef191c527fd7bc56343058a', '查询项目详情', NULL, NULL, NULL, 34, 1, 'B', ' auth:project:details', NULL, 1, 1, 0, NULL, '2025-04-20 17:02:36', '72b7624ee7c21868ba1b7668cf907a2f', '管理员', '2025-06-11 15:13:06', '72b7624ee7c21868ba1b7668cf907a2f', '超级管理员', 0);
INSERT INTO `kunpeng_auth`.`auth_menu`(`menu_id`, `parent_id`, `project_id`, `ancestors`, `menu_name`, `route_name`, `route_path`, `route_component`, `sort`, `frame_status`, `menu_type`, `perms`, `icon`, `visible`, `is_enable`, `is_cache`, `remark`, `create_date`, `create_user_id`, `create_user_name`, `update_date`, `update_user_id`, `update_user_name`, `delete_flag`) VALUES ('71063ec26f931ecaaba05021e7fe853a', 'bf0c50d313972ba6fda70a34a0f30d57', '16f96664df6c87baee87430f76c7334d', '0,fb35408351fc9762ff8c2f2904fa39a6,bf0c50d313972ba6fda70a34a0f30d57', '批量删除菜单', NULL, NULL, NULL, 44, 1, 'B', 'auth:menu:batch:remove', NULL, 1, 1, 0, NULL, '2025-04-20 14:46:20', '72b7624ee7c21868ba1b7668cf907a2f', '管理员', '2025-06-11 15:13:06', '72b7624ee7c21868ba1b7668cf907a2f', '超级管理员', 0);
INSERT INTO `kunpeng_auth`.`auth_menu`(`menu_id`, `parent_id`, `project_id`, `ancestors`, `menu_name`, `route_name`, `route_path`, `route_component`, `sort`, `frame_status`, `menu_type`, `perms`, `icon`, `visible`, `is_enable`, `is_cache`, `remark`, `create_date`, `create_user_id`, `create_user_name`, `update_date`, `update_user_id`, `update_user_name`, `delete_flag`) VALUES ('72bd40d39226bd5d44f72167ae0a1874', '0', '16f96664df6c87baee87430f76c7334d', '0', '系统监控', NULL, 'monitor', NULL, 59, 1, 'M', NULL, 'fa-solid:video', 1, 1, 0, NULL, '2025-06-02 16:22:53', '72b7624ee7c21868ba1b7668cf907a2f', '超级管理员', '2025-06-11 15:13:06', '72b7624ee7c21868ba1b7668cf907a2f', '超级管理员', 0);
INSERT INTO `kunpeng_auth`.`auth_menu`(`menu_id`, `parent_id`, `project_id`, `ancestors`, `menu_name`, `route_name`, `route_path`, `route_component`, `sort`, `frame_status`, `menu_type`, `perms`, `icon`, `visible`, `is_enable`, `is_cache`, `remark`, `create_date`, `create_user_id`, `create_user_name`, `update_date`, `update_user_id`, `update_user_name`, `delete_flag`) VALUES ('78702af6133c7d09b268824d6b9291a3', '1845b8749256361a37fe434950ffa9f5', '16f96664df6c87baee87430f76c7334d', '0,fb35408351fc9762ff8c2f2904fa39a6,1845b8749256361a37fe434950ffa9f5', '管理员手动解锁', NULL, NULL, NULL, 9, 1, 'B', 'auth:user:unlock', NULL, 1, 1, 0, NULL, '2025-05-08 16:42:45', '72b7624ee7c21868ba1b7668cf907a2f', '超级管理员', '2025-06-11 15:13:06', '72b7624ee7c21868ba1b7668cf907a2f', '超级管理员', 0);
INSERT INTO `kunpeng_auth`.`auth_menu`(`menu_id`, `parent_id`, `project_id`, `ancestors`, `menu_name`, `route_name`, `route_path`, `route_component`, `sort`, `frame_status`, `menu_type`, `perms`, `icon`, `visible`, `is_enable`, `is_cache`, `remark`, `create_date`, `create_user_id`, `create_user_name`, `update_date`, `update_user_id`, `update_user_name`, `delete_flag`) VALUES ('81a3413ad8c1b24cede2638ad134ec94', 'fb35408351fc9762ff8c2f2904fa39a6', '16f96664df6c87baee87430f76c7334d', '0,fb35408351fc9762ff8c2f2904fa39a6', '部门管理', 'SystemDept', 'system/dept/index', 'views/system/dept/index.vue', 20, 1, 'C', 'auth:dept:list', 'ri:git-branch-line', 1, 1, 0, NULL, '2025-04-21 09:22:32', '72b7624ee7c21868ba1b7668cf907a2f', '管理员', '2025-06-11 15:13:06', '72b7624ee7c21868ba1b7668cf907a2f', '超级管理员', 0);
INSERT INTO `kunpeng_auth`.`auth_menu`(`menu_id`, `parent_id`, `project_id`, `ancestors`, `menu_name`, `route_name`, `route_path`, `route_component`, `sort`, `frame_status`, `menu_type`, `perms`, `icon`, `visible`, `is_enable`, `is_cache`, `remark`, `create_date`, `create_user_id`, `create_user_name`, `update_date`, `update_user_id`, `update_user_name`, `delete_flag`) VALUES ('860e3e426f922af173af41f08a6afc05', '571ff0f82da9cf43f19bb60fac1ffef4', '16f96664df6c87baee87430f76c7334d', '0,fb35408351fc9762ff8c2f2904fa39a6,571ff0f82da9cf43f19bb60fac1ffef4', '新增角色', NULL, NULL, NULL, 13, 1, 'B', 'auth:role:save', NULL, 1, 1, 0, NULL, '2025-04-21 09:16:26', '72b7624ee7c21868ba1b7668cf907a2f', '管理员', '2025-06-11 15:13:06', '72b7624ee7c21868ba1b7668cf907a2f', '超级管理员', 0);
INSERT INTO `kunpeng_auth`.`auth_menu`(`menu_id`, `parent_id`, `project_id`, `ancestors`, `menu_name`, `route_name`, `route_path`, `route_component`, `sort`, `frame_status`, `menu_type`, `perms`, `icon`, `visible`, `is_enable`, `is_cache`, `remark`, `create_date`, `create_user_id`, `create_user_name`, `update_date`, `update_user_id`, `update_user_name`, `delete_flag`) VALUES ('87f8bc082ef9f27ca0524f6f550f14ea', 'bf0c50d313972ba6fda70a34a0f30d57', '16f96664df6c87baee87430f76c7334d', '0,fb35408351fc9762ff8c2f2904fa39a6,bf0c50d313972ba6fda70a34a0f30d57', '修改菜单', NULL, NULL, NULL, 43, 1, 'B', 'auth:menu:update', NULL, 1, 1, 0, NULL, '2025-04-20 16:46:51', '72b7624ee7c21868ba1b7668cf907a2f', '管理员', '2025-06-11 15:13:06', '72b7624ee7c21868ba1b7668cf907a2f', '超级管理员', 0);
INSERT INTO `kunpeng_auth`.`auth_menu`(`menu_id`, `parent_id`, `project_id`, `ancestors`, `menu_name`, `route_name`, `route_path`, `route_component`, `sort`, `frame_status`, `menu_type`, `perms`, `icon`, `visible`, `is_enable`, `is_cache`, `remark`, `create_date`, `create_user_id`, `create_user_name`, `update_date`, `update_user_id`, `update_user_name`, `delete_flag`) VALUES ('8a860100eec14017ec5ef7e8519d271e', 'bf0c50d313972ba6fda70a34a0f30d57', '16f96664df6c87baee87430f76c7334d', '0,fb35408351fc9762ff8c2f2904fa39a6,bf0c50d313972ba6fda70a34a0f30d57', '设置菜单排序', NULL, NULL, NULL, 46, 1, 'B', 'auth:menu:do:set:sort', NULL, 1, 1, 0, NULL, '2025-04-20 16:49:50', '72b7624ee7c21868ba1b7668cf907a2f', '管理员', '2025-06-11 15:13:06', '72b7624ee7c21868ba1b7668cf907a2f', '超级管理员', 0);
INSERT INTO `kunpeng_auth`.`auth_menu`(`menu_id`, `parent_id`, `project_id`, `ancestors`, `menu_name`, `route_name`, `route_path`, `route_component`, `sort`, `frame_status`, `menu_type`, `perms`, `icon`, `visible`, `is_enable`, `is_cache`, `remark`, `create_date`, `create_user_id`, `create_user_name`, `update_date`, `update_user_id`, `update_user_name`, `delete_flag`) VALUES ('937f3a7d8c39983df7cf48dd069a8178', '1845b8749256361a37fe434950ffa9f5', '16f96664df6c87baee87430f76c7334d', '0,fb35408351fc9762ff8c2f2904fa39a6,1845b8749256361a37fe434950ffa9f5', '新增用户', NULL, NULL, NULL, 4, 1, 'B', 'auth:user:save', NULL, 1, 1, 0, NULL, '2025-04-30 14:12:24', '72b7624ee7c21868ba1b7668cf907a2f', '管理员', '2025-06-11 15:13:06', '72b7624ee7c21868ba1b7668cf907a2f', '超级管理员', 0);
INSERT INTO `kunpeng_auth`.`auth_menu`(`menu_id`, `parent_id`, `project_id`, `ancestors`, `menu_name`, `route_name`, `route_path`, `route_component`, `sort`, `frame_status`, `menu_type`, `perms`, `icon`, `visible`, `is_enable`, `is_cache`, `remark`, `create_date`, `create_user_id`, `create_user_name`, `update_date`, `update_user_id`, `update_user_name`, `delete_flag`) VALUES ('97c62ab2013c8a6eef3be7d6dc6e5487', '0', '16f96664df6c87baee87430f76c7334d', '0', '日志管理', NULL, 'journal', NULL, 49, 1, 'M', NULL, 'fa-solid:receipt', 1, 1, 0, NULL, '2025-05-28 10:59:17', '72b7624ee7c21868ba1b7668cf907a2f', '超级管理员', '2025-06-11 15:13:06', '72b7624ee7c21868ba1b7668cf907a2f', '超级管理员', 0);
INSERT INTO `kunpeng_auth`.`auth_menu`(`menu_id`, `parent_id`, `project_id`, `ancestors`, `menu_name`, `route_name`, `route_path`, `route_component`, `sort`, `frame_status`, `menu_type`, `perms`, `icon`, `visible`, `is_enable`, `is_cache`, `remark`, `create_date`, `create_user_id`, `create_user_name`, `update_date`, `update_user_id`, `update_user_name`, `delete_flag`) VALUES ('9a785dbe1d9f1e83e666502a5cd051ba', '571ff0f82da9cf43f19bb60fac1ffef4', '16f96664df6c87baee87430f76c7334d', '0,fb35408351fc9762ff8c2f2904fa39a6,571ff0f82da9cf43f19bb60fac1ffef4', '修改角色状态', NULL, NULL, NULL, 16, 1, 'B', 'auth:role:update:status', NULL, 1, 1, 0, NULL, '2025-04-21 09:17:02', '72b7624ee7c21868ba1b7668cf907a2f', '管理员', '2025-06-11 15:13:06', '72b7624ee7c21868ba1b7668cf907a2f', '超级管理员', 0);
INSERT INTO `kunpeng_auth`.`auth_menu`(`menu_id`, `parent_id`, `project_id`, `ancestors`, `menu_name`, `route_name`, `route_path`, `route_component`, `sort`, `frame_status`, `menu_type`, `perms`, `icon`, `visible`, `is_enable`, `is_cache`, `remark`, `create_date`, `create_user_id`, `create_user_name`, `update_date`, `update_user_id`, `update_user_name`, `delete_flag`) VALUES ('9cc258f337678efe36037276b095e5b7', '571ff0f82da9cf43f19bb60fac1ffef4', '16f96664df6c87baee87430f76c7334d', '0,fb35408351fc9762ff8c2f2904fa39a6,571ff0f82da9cf43f19bb60fac1ffef4', '设置菜单权限', NULL, NULL, NULL, 17, 1, 'B', 'auth:role:menu:setting:install', NULL, 1, 1, 0, NULL, '2025-05-12 14:36:25', '72b7624ee7c21868ba1b7668cf907a2f', '超级管理员', '2025-06-11 15:13:06', '72b7624ee7c21868ba1b7668cf907a2f', '超级管理员', 0);
INSERT INTO `kunpeng_auth`.`auth_menu`(`menu_id`, `parent_id`, `project_id`, `ancestors`, `menu_name`, `route_name`, `route_path`, `route_component`, `sort`, `frame_status`, `menu_type`, `perms`, `icon`, `visible`, `is_enable`, `is_cache`, `remark`, `create_date`, `create_user_id`, `create_user_name`, `update_date`, `update_user_id`, `update_user_name`, `delete_flag`) VALUES ('a04f9adecad35efe4f395f11b8991aec', '72bd40d39226bd5d44f72167ae0a1874', '16f96664df6c87baee87430f76c7334d', '0,72bd40d39226bd5d44f72167ae0a1874', '数据库监控', 'Druid', 'druid', 'http://127.0.0.1:9001/druid/index.html', 62, 2, 'C', NULL, 'fa-solid:industry', 1, 1, 0, NULL, '2025-06-03 16:47:13', '72b7624ee7c21868ba1b7668cf907a2f', '超级管理员', '2025-06-11 15:13:06', '72b7624ee7c21868ba1b7668cf907a2f', '超级管理员', 0);
INSERT INTO `kunpeng_auth`.`auth_menu`(`menu_id`, `parent_id`, `project_id`, `ancestors`, `menu_name`, `route_name`, `route_path`, `route_component`, `sort`, `frame_status`, `menu_type`, `perms`, `icon`, `visible`, `is_enable`, `is_cache`, `remark`, `create_date`, `create_user_id`, `create_user_name`, `update_date`, `update_user_id`, `update_user_name`, `delete_flag`) VALUES ('a1dd8cb6da8b442e357c820b4f6f29e7', '1845b8749256361a37fe434950ffa9f5', '16f96664df6c87baee87430f76c7334d', '0,fb35408351fc9762ff8c2f2904fa39a6,1845b8749256361a37fe434950ffa9f5', '批量注销', NULL, NULL, NULL, 8, 1, 'B', 'auth:user:batch:cancel', NULL, 1, 1, 0, NULL, '2025-05-08 14:25:23', '72b7624ee7c21868ba1b7668cf907a2f', '超级管理员', '2025-06-11 15:13:06', '72b7624ee7c21868ba1b7668cf907a2f', '超级管理员', 0);
INSERT INTO `kunpeng_auth`.`auth_menu`(`menu_id`, `parent_id`, `project_id`, `ancestors`, `menu_name`, `route_name`, `route_path`, `route_component`, `sort`, `frame_status`, `menu_type`, `perms`, `icon`, `visible`, `is_enable`, `is_cache`, `remark`, `create_date`, `create_user_id`, `create_user_name`, `update_date`, `update_user_id`, `update_user_name`, `delete_flag`) VALUES ('a2b2f01894c30791bd7fe9ed10977c7a', 'bf0c50d313972ba6fda70a34a0f30d57', '16f96664df6c87baee87430f76c7334d', '0,fb35408351fc9762ff8c2f2904fa39a6,bf0c50d313972ba6fda70a34a0f30d57', '设置菜单启用状态', NULL, NULL, NULL, 45, 1, 'B', 'auth:menu:do:enable', NULL, 1, 1, 0, NULL, '2025-04-20 16:49:05', '72b7624ee7c21868ba1b7668cf907a2f', '管理员', '2025-06-11 15:13:06', '72b7624ee7c21868ba1b7668cf907a2f', '超级管理员', 0);
INSERT INTO `kunpeng_auth`.`auth_menu`(`menu_id`, `parent_id`, `project_id`, `ancestors`, `menu_name`, `route_name`, `route_path`, `route_component`, `sort`, `frame_status`, `menu_type`, `perms`, `icon`, `visible`, `is_enable`, `is_cache`, `remark`, `create_date`, `create_user_id`, `create_user_name`, `update_date`, `update_user_id`, `update_user_name`, `delete_flag`) VALUES ('a424c6d464f1168c45866181892cbdc1', 'b9ace5522491e98b73632d63a630817d', '16f96664df6c87baee87430f76c7334d', '0,b9ace5522491e98b73632d63a630817d', 'RabbitMQ', 'RabbitMQ', 'RabbitMQ', 'http://47.94.202.72:15672/#/', 58, 3, 'C', NULL, 'fa-solid:dice-d20', 1, 1, 0, NULL, '2025-06-03 16:43:03', '72b7624ee7c21868ba1b7668cf907a2f', '超级管理员', '2025-06-11 15:13:06', '72b7624ee7c21868ba1b7668cf907a2f', '超级管理员', 0);
INSERT INTO `kunpeng_auth`.`auth_menu`(`menu_id`, `parent_id`, `project_id`, `ancestors`, `menu_name`, `route_name`, `route_path`, `route_component`, `sort`, `frame_status`, `menu_type`, `perms`, `icon`, `visible`, `is_enable`, `is_cache`, `remark`, `create_date`, `create_user_id`, `create_user_name`, `update_date`, `update_user_id`, `update_user_name`, `delete_flag`) VALUES ('a473ac62e19cf913d44ff6e5a51c7819', '1845b8749256361a37fe434950ffa9f5', '16f96664df6c87baee87430f76c7334d', '0,fb35408351fc9762ff8c2f2904fa39a6,1845b8749256361a37fe434950ffa9f5', '修改用户', NULL, NULL, NULL, 5, 1, 'B', 'auth:user:update', NULL, 1, 1, 0, NULL, '2025-04-30 14:12:41', '72b7624ee7c21868ba1b7668cf907a2f', '管理员', '2025-06-11 15:13:06', '72b7624ee7c21868ba1b7668cf907a2f', '超级管理员', 0);
INSERT INTO `kunpeng_auth`.`auth_menu`(`menu_id`, `parent_id`, `project_id`, `ancestors`, `menu_name`, `route_name`, `route_path`, `route_component`, `sort`, `frame_status`, `menu_type`, `perms`, `icon`, `visible`, `is_enable`, `is_cache`, `remark`, `create_date`, `create_user_id`, `create_user_name`, `update_date`, `update_user_id`, `update_user_name`, `delete_flag`) VALUES ('ad58eed761c846d5dfabd897d7598fd1', '571ff0f82da9cf43f19bb60fac1ffef4', '16f96664df6c87baee87430f76c7334d', '0,fb35408351fc9762ff8c2f2904fa39a6,571ff0f82da9cf43f19bb60fac1ffef4', '查询角色详情', NULL, NULL, NULL, 12, 1, 'B', 'auth:role:details', NULL, 1, 1, 0, NULL, '2025-04-21 09:16:04', '72b7624ee7c21868ba1b7668cf907a2f', '管理员', '2025-06-11 15:13:06', '72b7624ee7c21868ba1b7668cf907a2f', '超级管理员', 0);
INSERT INTO `kunpeng_auth`.`auth_menu`(`menu_id`, `parent_id`, `project_id`, `ancestors`, `menu_name`, `route_name`, `route_path`, `route_component`, `sort`, `frame_status`, `menu_type`, `perms`, `icon`, `visible`, `is_enable`, `is_cache`, `remark`, `create_date`, `create_user_id`, `create_user_name`, `update_date`, `update_user_id`, `update_user_name`, `delete_flag`) VALUES ('addaab203ccfd25a55b6a99e3ea6b1b1', '3933c42d9d5aadee7ec51689d4e1e63f', '16f96664df6c87baee87430f76c7334d', '0,fb35408351fc9762ff8c2f2904fa39a6,3933c42d9d5aadee7ec51689d4e1e63f', '批量删除岗位', NULL, NULL, NULL, 31, 1, 'B', 'auth:post:batch:remove', NULL, 1, 1, 0, NULL, '2025-04-20 17:39:32', '72b7624ee7c21868ba1b7668cf907a2f', '管理员', '2025-06-11 15:13:06', '72b7624ee7c21868ba1b7668cf907a2f', '超级管理员', 0);
INSERT INTO `kunpeng_auth`.`auth_menu`(`menu_id`, `parent_id`, `project_id`, `ancestors`, `menu_name`, `route_name`, `route_path`, `route_component`, `sort`, `frame_status`, `menu_type`, `perms`, `icon`, `visible`, `is_enable`, `is_cache`, `remark`, `create_date`, `create_user_id`, `create_user_name`, `update_date`, `update_user_id`, `update_user_name`, `delete_flag`) VALUES ('b26f367461e1e55eb9a2432f613900c4', 'bf0c50d313972ba6fda70a34a0f30d57', '16f96664df6c87baee87430f76c7334d', '0,fb35408351fc9762ff8c2f2904fa39a6,bf0c50d313972ba6fda70a34a0f30d57', '菜单复制', NULL, NULL, NULL, 47, 1, 'B', 'auth:menu:do:copy', NULL, 1, 1, 0, NULL, '2025-04-20 15:52:55', '72b7624ee7c21868ba1b7668cf907a2f', '管理员', '2025-06-11 15:13:06', '72b7624ee7c21868ba1b7668cf907a2f', '超级管理员', 0);
INSERT INTO `kunpeng_auth`.`auth_menu`(`menu_id`, `parent_id`, `project_id`, `ancestors`, `menu_name`, `route_name`, `route_path`, `route_component`, `sort`, `frame_status`, `menu_type`, `perms`, `icon`, `visible`, `is_enable`, `is_cache`, `remark`, `create_date`, `create_user_id`, `create_user_name`, `update_date`, `update_user_id`, `update_user_name`, `delete_flag`) VALUES ('b28e05007400d7846d7ff8257e023f13', '1845b8749256361a37fe434950ffa9f5', '16f96664df6c87baee87430f76c7334d', '0,fb35408351fc9762ff8c2f2904fa39a6,1845b8749256361a37fe434950ffa9f5', '禁用或者取消禁用', NULL, NULL, NULL, 7, 1, 'B', 'auth:user:forbidden', NULL, 1, 1, 0, NULL, '2025-04-30 14:11:26', '72b7624ee7c21868ba1b7668cf907a2f', '管理员', '2025-06-11 15:13:06', '72b7624ee7c21868ba1b7668cf907a2f', '超级管理员', 0);
INSERT INTO `kunpeng_auth`.`auth_menu`(`menu_id`, `parent_id`, `project_id`, `ancestors`, `menu_name`, `route_name`, `route_path`, `route_component`, `sort`, `frame_status`, `menu_type`, `perms`, `icon`, `visible`, `is_enable`, `is_cache`, `remark`, `create_date`, `create_user_id`, `create_user_name`, `update_date`, `update_user_id`, `update_user_name`, `delete_flag`) VALUES ('b3ae74646c87a3f257e87822e6500b37', '97c62ab2013c8a6eef3be7d6dc6e5487', '16f96664df6c87baee87430f76c7334d', '0,97c62ab2013c8a6eef3be7d6dc6e5487', '登录日志', 'JournalLoginRecord', 'journal/loginRecord', 'views/journal/loginRecord.vue', 50, 1, 'C', 'auth:login:record:page:list', 'ri:logout-circle-r-line', 1, 1, 1, NULL, '2025-06-10 18:00:10', '72b7624ee7c21868ba1b7668cf907a2f', '超级管理员', '2025-06-11 15:13:06', '72b7624ee7c21868ba1b7668cf907a2f', '超级管理员', 0);
INSERT INTO `kunpeng_auth`.`auth_menu`(`menu_id`, `parent_id`, `project_id`, `ancestors`, `menu_name`, `route_name`, `route_path`, `route_component`, `sort`, `frame_status`, `menu_type`, `perms`, `icon`, `visible`, `is_enable`, `is_cache`, `remark`, `create_date`, `create_user_id`, `create_user_name`, `update_date`, `update_user_id`, `update_user_name`, `delete_flag`) VALUES ('b3cab8f373d849f672e89482bb594fa3', '3933c42d9d5aadee7ec51689d4e1e63f', '16f96664df6c87baee87430f76c7334d', '0,fb35408351fc9762ff8c2f2904fa39a6,3933c42d9d5aadee7ec51689d4e1e63f', '设置岗位状态', NULL, NULL, NULL, 32, 1, 'B', 'auth:post:do:status', NULL, 1, 1, 0, NULL, '2025-04-20 17:40:28', '72b7624ee7c21868ba1b7668cf907a2f', '管理员', '2025-06-11 15:13:06', '72b7624ee7c21868ba1b7668cf907a2f', '超级管理员', 0);
INSERT INTO `kunpeng_auth`.`auth_menu`(`menu_id`, `parent_id`, `project_id`, `ancestors`, `menu_name`, `route_name`, `route_path`, `route_component`, `sort`, `frame_status`, `menu_type`, `perms`, `icon`, `visible`, `is_enable`, `is_cache`, `remark`, `create_date`, `create_user_id`, `create_user_name`, `update_date`, `update_user_id`, `update_user_name`, `delete_flag`) VALUES ('b44f00febfd0d92ceba30399a6719525', '3933c42d9d5aadee7ec51689d4e1e63f', '16f96664df6c87baee87430f76c7334d', '0,fb35408351fc9762ff8c2f2904fa39a6,3933c42d9d5aadee7ec51689d4e1e63f', '修改岗位', NULL, NULL, NULL, 30, 1, 'B', 'auth:post:update', NULL, 1, 1, 0, NULL, '2025-04-20 17:41:25', '72b7624ee7c21868ba1b7668cf907a2f', '管理员', '2025-06-11 15:13:06', '72b7624ee7c21868ba1b7668cf907a2f', '超级管理员', 0);
INSERT INTO `kunpeng_auth`.`auth_menu`(`menu_id`, `parent_id`, `project_id`, `ancestors`, `menu_name`, `route_name`, `route_path`, `route_component`, `sort`, `frame_status`, `menu_type`, `perms`, `icon`, `visible`, `is_enable`, `is_cache`, `remark`, `create_date`, `create_user_id`, `create_user_name`, `update_date`, `update_user_id`, `update_user_name`, `delete_flag`) VALUES ('b55d4e068f53bc4a5ad986017d65da0b', '0', '16f96664df6c87baee87430f76c7334d', '0', '数据字典', NULL, 'dataDictionary', NULL, 48, 1, 'M', NULL, 'fa-solid:dice-six', 1, 1, 0, NULL, '2025-06-02 16:20:22', '72b7624ee7c21868ba1b7668cf907a2f', '超级管理员', '2025-06-11 15:13:06', '72b7624ee7c21868ba1b7668cf907a2f', '超级管理员', 0);
INSERT INTO `kunpeng_auth`.`auth_menu`(`menu_id`, `parent_id`, `project_id`, `ancestors`, `menu_name`, `route_name`, `route_path`, `route_component`, `sort`, `frame_status`, `menu_type`, `perms`, `icon`, `visible`, `is_enable`, `is_cache`, `remark`, `create_date`, `create_user_id`, `create_user_name`, `update_date`, `update_user_id`, `update_user_name`, `delete_flag`) VALUES ('b9ace5522491e98b73632d63a630817d', '0', '16f96664df6c87baee87430f76c7334d', '0', '系统工具', NULL, 'tool', NULL, 56, 1, 'M', NULL, 'ep:monitor', 1, 1, 0, NULL, '2025-06-02 16:21:03', '72b7624ee7c21868ba1b7668cf907a2f', '超级管理员', '2025-06-11 15:13:06', '72b7624ee7c21868ba1b7668cf907a2f', '超级管理员', 0);
INSERT INTO `kunpeng_auth`.`auth_menu`(`menu_id`, `parent_id`, `project_id`, `ancestors`, `menu_name`, `route_name`, `route_path`, `route_component`, `sort`, `frame_status`, `menu_type`, `perms`, `icon`, `visible`, `is_enable`, `is_cache`, `remark`, `create_date`, `create_user_id`, `create_user_name`, `update_date`, `update_user_id`, `update_user_name`, `delete_flag`) VALUES ('be9204d3eb96a1765e7027579d3179b8', '72bd40d39226bd5d44f72167ae0a1874', '16f96664df6c87baee87430f76c7334d', '0,72bd40d39226bd5d44f72167ae0a1874', '服务器监控', 'MonitorServer', 'monitor/server', 'views/monitor/server.vue', 60, 1, 'C', NULL, 'fa-solid:server', 1, 1, 0, NULL, '2025-06-11 15:07:50', '72b7624ee7c21868ba1b7668cf907a2f', '超级管理员', '2025-06-11 15:13:06', '72b7624ee7c21868ba1b7668cf907a2f', '超级管理员', 0);
INSERT INTO `kunpeng_auth`.`auth_menu`(`menu_id`, `parent_id`, `project_id`, `ancestors`, `menu_name`, `route_name`, `route_path`, `route_component`, `sort`, `frame_status`, `menu_type`, `perms`, `icon`, `visible`, `is_enable`, `is_cache`, `remark`, `create_date`, `create_user_id`, `create_user_name`, `update_date`, `update_user_id`, `update_user_name`, `delete_flag`) VALUES ('bf0c50d313972ba6fda70a34a0f30d57', 'fb35408351fc9762ff8c2f2904fa39a6', '16f96664df6c87baee87430f76c7334d', '0,fb35408351fc9762ff8c2f2904fa39a6', '菜单管理', 'SystemMenu', 'system/menu/index', 'views/system/menu/index.vue', 40, 1, 'C', 'auth:menu:list', 'ep:menu', 1, 1, 0, NULL, '2025-04-20 14:25:25', '72b7624ee7c21868ba1b7668cf907a2f', '管理员', '2025-06-11 15:13:06', '72b7624ee7c21868ba1b7668cf907a2f', '超级管理员', 0);
INSERT INTO `kunpeng_auth`.`auth_menu`(`menu_id`, `parent_id`, `project_id`, `ancestors`, `menu_name`, `route_name`, `route_path`, `route_component`, `sort`, `frame_status`, `menu_type`, `perms`, `icon`, `visible`, `is_enable`, `is_cache`, `remark`, `create_date`, `create_user_id`, `create_user_name`, `update_date`, `update_user_id`, `update_user_name`, `delete_flag`) VALUES ('c1d53634a27661339c6aba07a36a6674', '18dc833f9d17f76840eb437188710049', '16f96664df6c87baee87430f76c7334d', '0,18dc833f9d17f76840eb437188710049', '微服务接口', 'GatewayDev', 'document/gateway/dev', 'http://kunpengtool.cn/gateway/doc.html', 64, 2, 'C', NULL, 'ri:service-fill', 1, 1, 0, NULL, '2025-06-02 16:17:08', '72b7624ee7c21868ba1b7668cf907a2f', '超级管理员', '2025-07-01 14:08:55', '72b7624ee7c21868ba1b7668cf907a2f', '超级管理员', 0);
INSERT INTO `kunpeng_auth`.`auth_menu`(`menu_id`, `parent_id`, `project_id`, `ancestors`, `menu_name`, `route_name`, `route_path`, `route_component`, `sort`, `frame_status`, `menu_type`, `perms`, `icon`, `visible`, `is_enable`, `is_cache`, `remark`, `create_date`, `create_user_id`, `create_user_name`, `update_date`, `update_user_id`, `update_user_name`, `delete_flag`) VALUES ('c35e39bc41c628f3f390af393f6dcc8c', '433a5f2f2ef191c527fd7bc56343058a', '16f96664df6c87baee87430f76c7334d', '0,fb35408351fc9762ff8c2f2904fa39a6,433a5f2f2ef191c527fd7bc56343058a', '修改项目', NULL, NULL, NULL, 36, 1, 'B', 'auth:project:update', NULL, 1, 1, 0, NULL, '2025-04-20 17:05:05', '72b7624ee7c21868ba1b7668cf907a2f', '管理员', '2025-06-11 15:13:06', '72b7624ee7c21868ba1b7668cf907a2f', '超级管理员', 0);
INSERT INTO `kunpeng_auth`.`auth_menu`(`menu_id`, `parent_id`, `project_id`, `ancestors`, `menu_name`, `route_name`, `route_path`, `route_component`, `sort`, `frame_status`, `menu_type`, `perms`, `icon`, `visible`, `is_enable`, `is_cache`, `remark`, `create_date`, `create_user_id`, `create_user_name`, `update_date`, `update_user_id`, `update_user_name`, `delete_flag`) VALUES ('c4c259afa2172399c62fa624f7a9aa8e', '3933c42d9d5aadee7ec51689d4e1e63f', '16f96664df6c87baee87430f76c7334d', '0,fb35408351fc9762ff8c2f2904fa39a6,3933c42d9d5aadee7ec51689d4e1e63f', '查询岗位详情', NULL, NULL, NULL, 28, 1, 'B', 'auth:post:details', NULL, 1, 1, 0, NULL, '2025-04-20 17:40:08', '72b7624ee7c21868ba1b7668cf907a2f', '管理员', '2025-06-11 15:13:06', '72b7624ee7c21868ba1b7668cf907a2f', '超级管理员', 0);
INSERT INTO `kunpeng_auth`.`auth_menu`(`menu_id`, `parent_id`, `project_id`, `ancestors`, `menu_name`, `route_name`, `route_path`, `route_component`, `sort`, `frame_status`, `menu_type`, `perms`, `icon`, `visible`, `is_enable`, `is_cache`, `remark`, `create_date`, `create_user_id`, `create_user_name`, `update_date`, `update_user_id`, `update_user_name`, `delete_flag`) VALUES ('c7c77eec732d5559ace16b2eae33f288', '433a5f2f2ef191c527fd7bc56343058a', '16f96664df6c87baee87430f76c7334d', '0,fb35408351fc9762ff8c2f2904fa39a6,433a5f2f2ef191c527fd7bc56343058a', '设置项目状态', NULL, NULL, NULL, 38, 1, 'B', 'auth:project:do:status', NULL, 1, 1, 0, NULL, '2025-04-20 17:04:02', '72b7624ee7c21868ba1b7668cf907a2f', '管理员', '2025-06-11 15:13:06', '72b7624ee7c21868ba1b7668cf907a2f', '超级管理员', 0);
INSERT INTO `kunpeng_auth`.`auth_menu`(`menu_id`, `parent_id`, `project_id`, `ancestors`, `menu_name`, `route_name`, `route_path`, `route_component`, `sort`, `frame_status`, `menu_type`, `perms`, `icon`, `visible`, `is_enable`, `is_cache`, `remark`, `create_date`, `create_user_id`, `create_user_name`, `update_date`, `update_user_id`, `update_user_name`, `delete_flag`) VALUES ('cd1371f45d4e09e0e70bf1e683c2ab88', '571ff0f82da9cf43f19bb60fac1ffef4', '16f96664df6c87baee87430f76c7334d', '0,fb35408351fc9762ff8c2f2904fa39a6,571ff0f82da9cf43f19bb60fac1ffef4', '角色设置用户', NULL, NULL, NULL, 19, 1, 'B', 'auth:role:add:user', NULL, 1, 1, 0, NULL, '2025-05-15 14:49:12', '72b7624ee7c21868ba1b7668cf907a2f', '超级管理员', '2025-06-11 15:13:06', '72b7624ee7c21868ba1b7668cf907a2f', '超级管理员', 0);
INSERT INTO `kunpeng_auth`.`auth_menu`(`menu_id`, `parent_id`, `project_id`, `ancestors`, `menu_name`, `route_name`, `route_path`, `route_component`, `sort`, `frame_status`, `menu_type`, `perms`, `icon`, `visible`, `is_enable`, `is_cache`, `remark`, `create_date`, `create_user_id`, `create_user_name`, `update_date`, `update_user_id`, `update_user_name`, `delete_flag`) VALUES ('d49eff9b84ff54ead807cb8a40ecea1e', '81a3413ad8c1b24cede2638ad134ec94', '16f96664df6c87baee87430f76c7334d', '0,fb35408351fc9762ff8c2f2904fa39a6,81a3413ad8c1b24cede2638ad134ec94', '设置部门排序', NULL, NULL, NULL, 26, 1, 'B', 'auth:dept:do:set:sort', NULL, 1, 1, 0, NULL, '2025-04-21 09:26:14', '72b7624ee7c21868ba1b7668cf907a2f', '管理员', '2025-06-11 15:13:06', '72b7624ee7c21868ba1b7668cf907a2f', '超级管理员', 0);
INSERT INTO `kunpeng_auth`.`auth_menu`(`menu_id`, `parent_id`, `project_id`, `ancestors`, `menu_name`, `route_name`, `route_path`, `route_component`, `sort`, `frame_status`, `menu_type`, `perms`, `icon`, `visible`, `is_enable`, `is_cache`, `remark`, `create_date`, `create_user_id`, `create_user_name`, `update_date`, `update_user_id`, `update_user_name`, `delete_flag`) VALUES ('d781876d1c0a0502c9ee75cb503c5020', '571ff0f82da9cf43f19bb60fac1ffef4', '16f96664df6c87baee87430f76c7334d', '0,fb35408351fc9762ff8c2f2904fa39a6,571ff0f82da9cf43f19bb60fac1ffef4', '批量删除角色', NULL, NULL, NULL, 15, 1, 'B', 'auth:role:batch:remove', NULL, 1, 1, 0, NULL, '2025-04-21 09:15:42', '72b7624ee7c21868ba1b7668cf907a2f', '管理员', '2025-06-11 15:13:06', '72b7624ee7c21868ba1b7668cf907a2f', '超级管理员', 0);
INSERT INTO `kunpeng_auth`.`auth_menu`(`menu_id`, `parent_id`, `project_id`, `ancestors`, `menu_name`, `route_name`, `route_path`, `route_component`, `sort`, `frame_status`, `menu_type`, `perms`, `icon`, `visible`, `is_enable`, `is_cache`, `remark`, `create_date`, `create_user_id`, `create_user_name`, `update_date`, `update_user_id`, `update_user_name`, `delete_flag`) VALUES ('db050e9d7777908686f24a970c8863a9', '81a3413ad8c1b24cede2638ad134ec94', '16f96664df6c87baee87430f76c7334d', '0,fb35408351fc9762ff8c2f2904fa39a6,81a3413ad8c1b24cede2638ad134ec94', '修改部门', NULL, NULL, NULL, 23, 1, 'B', 'auth:dept:update', NULL, 1, 1, 0, NULL, '2025-04-21 09:27:12', '72b7624ee7c21868ba1b7668cf907a2f', '管理员', '2025-06-11 15:13:06', '72b7624ee7c21868ba1b7668cf907a2f', '超级管理员', 0);
INSERT INTO `kunpeng_auth`.`auth_menu`(`menu_id`, `parent_id`, `project_id`, `ancestors`, `menu_name`, `route_name`, `route_path`, `route_component`, `sort`, `frame_status`, `menu_type`, `perms`, `icon`, `visible`, `is_enable`, `is_cache`, `remark`, `create_date`, `create_user_id`, `create_user_name`, `update_date`, `update_user_id`, `update_user_name`, `delete_flag`) VALUES ('de4465758c58830662f0ad9e41c2fee3', '433a5f2f2ef191c527fd7bc56343058a', '16f96664df6c87baee87430f76c7334d', '0,fb35408351fc9762ff8c2f2904fa39a6,433a5f2f2ef191c527fd7bc56343058a', '新增项目', NULL, NULL, NULL, 35, 1, 'B', 'auth:project:save', NULL, 1, 1, 0, NULL, '2025-04-20 17:04:48', '72b7624ee7c21868ba1b7668cf907a2f', '管理员', '2025-06-11 15:13:06', '72b7624ee7c21868ba1b7668cf907a2f', '超级管理员', 0);
INSERT INTO `kunpeng_auth`.`auth_menu`(`menu_id`, `parent_id`, `project_id`, `ancestors`, `menu_name`, `route_name`, `route_path`, `route_component`, `sort`, `frame_status`, `menu_type`, `perms`, `icon`, `visible`, `is_enable`, `is_cache`, `remark`, `create_date`, `create_user_id`, `create_user_name`, `update_date`, `update_user_id`, `update_user_name`, `delete_flag`) VALUES ('e4a05b73c99f5e90d593eb7072403b85', '433a5f2f2ef191c527fd7bc56343058a', '16f96664df6c87baee87430f76c7334d', '0,fb35408351fc9762ff8c2f2904fa39a6,433a5f2f2ef191c527fd7bc56343058a', '项目设置权限', NULL, NULL, NULL, 39, 1, 'B', 'auth:project:menu:setting:install', NULL, 1, 1, 0, NULL, '2025-05-16 10:54:10', '72b7624ee7c21868ba1b7668cf907a2f', '超级管理员', '2025-06-11 15:13:06', '72b7624ee7c21868ba1b7668cf907a2f', '超级管理员', 0);
INSERT INTO `kunpeng_auth`.`auth_menu`(`menu_id`, `parent_id`, `project_id`, `ancestors`, `menu_name`, `route_name`, `route_path`, `route_component`, `sort`, `frame_status`, `menu_type`, `perms`, `icon`, `visible`, `is_enable`, `is_cache`, `remark`, `create_date`, `create_user_id`, `create_user_name`, `update_date`, `update_user_id`, `update_user_name`, `delete_flag`) VALUES ('f399614e8b5445f1465120baa0782dab', '571ff0f82da9cf43f19bb60fac1ffef4', '16f96664df6c87baee87430f76c7334d', '0,fb35408351fc9762ff8c2f2904fa39a6,571ff0f82da9cf43f19bb60fac1ffef4', '修改角色', NULL, NULL, NULL, 14, 1, 'B', 'auth:role:update', NULL, 1, 1, 0, NULL, '2025-04-21 09:16:43', '72b7624ee7c21868ba1b7668cf907a2f', '管理员', '2025-06-11 15:13:06', '72b7624ee7c21868ba1b7668cf907a2f', '超级管理员', 0);
INSERT INTO `kunpeng_auth`.`auth_menu`(`menu_id`, `parent_id`, `project_id`, `ancestors`, `menu_name`, `route_name`, `route_path`, `route_component`, `sort`, `frame_status`, `menu_type`, `perms`, `icon`, `visible`, `is_enable`, `is_cache`, `remark`, `create_date`, `create_user_id`, `create_user_name`, `update_date`, `update_user_id`, `update_user_name`, `delete_flag`) VALUES ('f517d3854cc738c7d2be9a5c319fa7ab', '81a3413ad8c1b24cede2638ad134ec94', '16f96664df6c87baee87430f76c7334d', '0,fb35408351fc9762ff8c2f2904fa39a6,81a3413ad8c1b24cede2638ad134ec94', '查询部门详情', NULL, NULL, NULL, 21, 1, 'B', 'auth:dept:details', NULL, 1, 1, 0, NULL, '2025-04-21 09:25:52', '72b7624ee7c21868ba1b7668cf907a2f', '管理员', '2025-06-11 15:13:06', '72b7624ee7c21868ba1b7668cf907a2f', '超级管理员', 0);
INSERT INTO `kunpeng_auth`.`auth_menu`(`menu_id`, `parent_id`, `project_id`, `ancestors`, `menu_name`, `route_name`, `route_path`, `route_component`, `sort`, `frame_status`, `menu_type`, `perms`, `icon`, `visible`, `is_enable`, `is_cache`, `remark`, `create_date`, `create_user_id`, `create_user_name`, `update_date`, `update_user_id`, `update_user_name`, `delete_flag`) VALUES ('f6716bb18d60a5f0a0cf77b3c7d529b6', '97c62ab2013c8a6eef3be7d6dc6e5487', '16f96664df6c87baee87430f76c7334d', '0,97c62ab2013c8a6eef3be7d6dc6e5487', '接口调用日志', 'JournalInterface', 'journal/interface', 'views/journal/interface.vue', 51, 1, 'C', 'auth:interface:log:page:list', 'ri:store-3-fill', 1, 1, 1, NULL, '2025-05-28 11:09:02', '72b7624ee7c21868ba1b7668cf907a2f', '超级管理员', '2025-06-11 15:13:06', '72b7624ee7c21868ba1b7668cf907a2f', '超级管理员', 0);
INSERT INTO `kunpeng_auth`.`auth_menu`(`menu_id`, `parent_id`, `project_id`, `ancestors`, `menu_name`, `route_name`, `route_path`, `route_component`, `sort`, `frame_status`, `menu_type`, `perms`, `icon`, `visible`, `is_enable`, `is_cache`, `remark`, `create_date`, `create_user_id`, `create_user_name`, `update_date`, `update_user_id`, `update_user_name`, `delete_flag`) VALUES ('f851e450c785992b0f58b5410ef9f25a', '37d0743928593e12a9217bc8eab301ba', '16f96664df6c87baee87430f76c7334d', '0,97c62ab2013c8a6eef3be7d6dc6e5487,37d0743928593e12a9217bc8eab301ba', '查询Http记录详情', NULL, NULL, NULL, 55, 1, 'B', 'auth:http:log:details', NULL, 1, 1, 0, NULL, '2025-06-02 15:55:00', '72b7624ee7c21868ba1b7668cf907a2f', '超级管理员', '2025-06-11 15:13:06', '72b7624ee7c21868ba1b7668cf907a2f', '超级管理员', 0);
INSERT INTO `kunpeng_auth`.`auth_menu`(`menu_id`, `parent_id`, `project_id`, `ancestors`, `menu_name`, `route_name`, `route_path`, `route_component`, `sort`, `frame_status`, `menu_type`, `perms`, `icon`, `visible`, `is_enable`, `is_cache`, `remark`, `create_date`, `create_user_id`, `create_user_name`, `update_date`, `update_user_id`, `update_user_name`, `delete_flag`) VALUES ('fb35408351fc9762ff8c2f2904fa39a6', '0', '16f96664df6c87baee87430f76c7334d', '0', '系統管理', NULL, 'system', NULL, 1, 1, 'M', NULL, 'ri:settings-2-line', 1, 1, 0, NULL, '2025-04-20 11:40:41', '72b7624ee7c21868ba1b7668cf907a2f', '管理员', '2025-06-11 15:13:06', '72b7624ee7c21868ba1b7668cf907a2f', '超级管理员', 0);
