INSERT INTO `auth_project` (`project_id`, `project_name`, `project_code`, `project_url`, `status`, `manage`, `app_id`, `app_secret`, `token_failure`, `token_gain_max_num`, `voucher`, `remark`, `create_date`, `create_user_id`, `create_user_name`, `update_date`, `update_user_id`, `update_user_name`, `delete_flag`) VALUES ('9f0a8dc868c1da3383491306a497fb1c', '周汇通', 'weekFlow', 'http://kpopen.cn/weekFlow/', 1, 1, 'b0f5962bc3934c6b83fd00f471354b6f', 'Q36CSREGEIUSVK1VMTW3TGZTWY7X8IT3KLAM8BW41DIEUKWIFOWPZ8AOI3UK', 12, 100, '$2a$10$WhflwS0xlDd8JD6YuzxKHOOFEEVsmmp6Gc9eMWPGbbGG2rzZveNF2', NULL, '2025-07-30 10:46:58', '72b7624ee7c21868ba1b7668cf907a2f', '超级管理员', '2025-10-04 17:40:49', '72b7624ee7c21868ba1b7668cf907a2f', '超级管理员', 0);

INSERT INTO `auth_role_project_relevance` (`arpr_id`, `project_id`, `role_id`, `remark`, `create_date`, `create_user_id`, `create_user_name`, `update_date`, `update_user_id`, `update_user_name`, `delete_flag`) VALUES ('5ad64daa166625e8e70ec495b0580f57', '9f0a8dc868c1da3383491306a497fb1c', '2d0fb4174e9a106140a5793d2598ac00', NULL, '2025-09-19 21:00:04', '72b7624ee7c21868ba1b7668cf907a2f', '超级管理员', '2025-09-19 21:00:04', '72b7624ee7c21868ba1b7668cf907a2f', '超级管理员', 0);


INSERT INTO `auth_dict_type` (`dict_type_id`, `dict_name`, `dict_type`, `status`, `create_date`, `create_user_id`, `create_user_name`, `update_date`, `update_user_id`, `update_user_name`, `delete_flag`, `remark`) VALUES ('e00c44a249ab714cec1f898dd42ed109', '月计划来源', 'monthly_plan_source', 1, '2025-09-23 20:58:40', '72b7624ee7c21868ba1b7668cf907a2f', '超级管理员', '2025-09-23 20:58:40', '72b7624ee7c21868ba1b7668cf907a2f', '超级管理员', 0, '月计划中的数据来源');

INSERT INTO `auth_dict_data` (`dict_data_id`, `dict_type_id`, `sort`, `label`, `value`, `selected`, `status`, `create_date`, `create_user_id`, `create_user_name`, `update_date`, `update_user_id`, `update_user_name`, `delete_flag`, `remark`) VALUES ('0d59675ff147ac3afa78ef93ae195268', 'e00c44a249ab714cec1f898dd42ed109', 8, '规划分解', '规划分解', 0, 1, '2025-09-23 21:00:56', '72b7624ee7c21868ba1b7668cf907a2f', '超级管理员', '2025-09-23 21:00:56', '72b7624ee7c21868ba1b7668cf907a2f', '超级管理员', 0, NULL);
INSERT INTO `auth_dict_data` (`dict_data_id`, `dict_type_id`, `sort`, `label`, `value`, `selected`, `status`, `create_date`, `create_user_id`, `create_user_name`, `update_date`, `update_user_id`, `update_user_name`, `delete_flag`, `remark`) VALUES ('210f7512535238ffae976468ff9911e4', 'e00c44a249ab714cec1f898dd42ed109', 2, '领导交办任务', '领导交办任务', 0, 1, '2025-09-23 21:00:09', '72b7624ee7c21868ba1b7668cf907a2f', '超级管理员', '2025-09-23 21:00:09', '72b7624ee7c21868ba1b7668cf907a2f', '超级管理员', 0, NULL);
INSERT INTO `auth_dict_data` (`dict_data_id`, `dict_type_id`, `sort`, `label`, `value`, `selected`, `status`, `create_date`, `create_user_id`, `create_user_name`, `update_date`, `update_user_id`, `update_user_name`, `delete_flag`, `remark`) VALUES ('4bea61ee7f72a4338948c3f8e18127a4', 'e00c44a249ab714cec1f898dd42ed109', 1, '会议纪要', '会议纪要', 0, 1, '2025-09-23 20:59:47', '72b7624ee7c21868ba1b7668cf907a2f', '超级管理员', '2025-09-23 20:59:47', '72b7624ee7c21868ba1b7668cf907a2f', '超级管理员', 0, NULL);
INSERT INTO `auth_dict_data` (`dict_data_id`, `dict_type_id`, `sort`, `label`, `value`, `selected`, `status`, `create_date`, `create_user_id`, `create_user_name`, `update_date`, `update_user_id`, `update_user_name`, `delete_flag`, `remark`) VALUES ('4deed3f856e19e7dd4ad6b3c1294d183', 'e00c44a249ab714cec1f898dd42ed109', 12, '政策响应', '政策响应', 0, 1, '2025-09-23 21:01:20', '72b7624ee7c21868ba1b7668cf907a2f', '超级管理员', '2025-09-23 21:01:20', '72b7624ee7c21868ba1b7668cf907a2f', '超级管理员', 0, NULL);
INSERT INTO `auth_dict_data` (`dict_data_id`, `dict_type_id`, `sort`, `label`, `value`, `selected`, `status`, `create_date`, `create_user_id`, `create_user_name`, `update_date`, `update_user_id`, `update_user_name`, `delete_flag`, `remark`) VALUES ('6ed4a60e2775a08bdb2fee4803360add', 'e00c44a249ab714cec1f898dd42ed109', 10, '创新试点项目', '创新试点项目', 0, 1, '2025-09-23 21:01:08', '72b7624ee7c21868ba1b7668cf907a2f', '超级管理员', '2025-09-23 21:01:08', '72b7624ee7c21868ba1b7668cf907a2f', '超级管理员', 0, NULL);
INSERT INTO `auth_dict_data` (`dict_data_id`, `dict_type_id`, `sort`, `label`, `value`, `selected`, `status`, `create_date`, `create_user_id`, `create_user_name`, `update_date`, `update_user_id`, `update_user_name`, `delete_flag`, `remark`) VALUES ('93c556429d42ad867d156cb34c06948a', 'e00c44a249ab714cec1f898dd42ed109', 13, '其他', '其他', 0, 1, '2025-09-23 21:01:26', '72b7624ee7c21868ba1b7668cf907a2f', '超级管理员', '2025-09-23 21:01:26', '72b7624ee7c21868ba1b7668cf907a2f', '超级管理员', 0, NULL);
INSERT INTO `auth_dict_data` (`dict_data_id`, `dict_type_id`, `sort`, `label`, `value`, `selected`, `status`, `create_date`, `create_user_id`, `create_user_name`, `update_date`, `update_user_id`, `update_user_name`, `delete_flag`, `remark`) VALUES ('93dcb2c9b54e44c9685246a69d541d0f', 'e00c44a249ab714cec1f898dd42ed109', 9, '运营需求', '运营需求', 0, 1, '2025-09-23 21:01:02', '72b7624ee7c21868ba1b7668cf907a2f', '超级管理员', '2025-09-23 21:01:02', '72b7624ee7c21868ba1b7668cf907a2f', '超级管理员', 0, NULL);
INSERT INTO `auth_dict_data` (`dict_data_id`, `dict_type_id`, `sort`, `label`, `value`, `selected`, `status`, `create_date`, `create_user_id`, `create_user_name`, `update_date`, `update_user_id`, `update_user_name`, `delete_flag`, `remark`) VALUES ('9d49dee8639f069e186174d3f48c3d1a', 'e00c44a249ab714cec1f898dd42ed109', 3, '团队自主规划', '团队自主规划', 0, 1, '2025-09-23 21:00:25', '72b7624ee7c21868ba1b7668cf907a2f', '超级管理员', '2025-09-23 21:00:25', '72b7624ee7c21868ba1b7668cf907a2f', '超级管理员', 0, NULL);
INSERT INTO `auth_dict_data` (`dict_data_id`, `dict_type_id`, `sort`, `label`, `value`, `selected`, `status`, `create_date`, `create_user_id`, `create_user_name`, `update_date`, `update_user_id`, `update_user_name`, `delete_flag`, `remark`) VALUES ('9fe4df7686cdb51d4acddafc466bf033', 'e00c44a249ab714cec1f898dd42ed109', 11, '制度/流程规定', '制度/流程规定', 0, 1, '2025-09-23 21:01:14', '72b7624ee7c21868ba1b7668cf907a2f', '超级管理员', '2025-09-23 21:01:14', '72b7624ee7c21868ba1b7668cf907a2f', '超级管理员', 0, NULL);
INSERT INTO `auth_dict_data` (`dict_data_id`, `dict_type_id`, `sort`, `label`, `value`, `selected`, `status`, `create_date`, `create_user_id`, `create_user_name`, `update_date`, `update_user_id`, `update_user_name`, `delete_flag`, `remark`) VALUES ('a4efa8d394c910dcd6453e2fe1cea0e8', 'e00c44a249ab714cec1f898dd42ed109', 7, '用户反馈', '用户反馈', 0, 1, '2025-09-23 21:00:50', '72b7624ee7c21868ba1b7668cf907a2f', '超级管理员', '2025-09-23 21:00:50', '72b7624ee7c21868ba1b7668cf907a2f', '超级管理员', 0, NULL);
INSERT INTO `auth_dict_data` (`dict_data_id`, `dict_type_id`, `sort`, `label`, `value`, `selected`, `status`, `create_date`, `create_user_id`, `create_user_name`, `update_date`, `update_user_id`, `update_user_name`, `delete_flag`, `remark`) VALUES ('b1de8fd922f04a1d34a281fba8fe4c47', 'e00c44a249ab714cec1f898dd42ed109', 4, '未完成任务跟进', '未完成任务跟进', 0, 1, '2025-09-23 21:00:31', '72b7624ee7c21868ba1b7668cf907a2f', '超级管理员', '2025-09-23 21:00:31', '72b7624ee7c21868ba1b7668cf907a2f', '超级管理员', 0, NULL);
INSERT INTO `auth_dict_data` (`dict_data_id`, `dict_type_id`, `sort`, `label`, `value`, `selected`, `status`, `create_date`, `create_user_id`, `create_user_name`, `update_date`, `update_user_id`, `update_user_name`, `delete_flag`, `remark`) VALUES ('d1c1d8cf9780fd66dda9114f1e53d8c2', 'e00c44a249ab714cec1f898dd42ed109', 5, '风险预警与应对', '风险预警与应对', 0, 1, '2025-09-23 21:00:38', '72b7624ee7c21868ba1b7668cf907a2f', '超级管理员', '2025-09-23 21:00:38', '72b7624ee7c21868ba1b7668cf907a2f', '超级管理员', 0, NULL);
INSERT INTO `auth_dict_data` (`dict_data_id`, `dict_type_id`, `sort`, `label`, `value`, `selected`, `status`, `create_date`, `create_user_id`, `create_user_name`, `update_date`, `update_user_id`, `update_user_name`, `delete_flag`, `remark`) VALUES ('ee6ae5d6246679c91f20fe8d6cbba602', 'e00c44a249ab714cec1f898dd42ed109', 6, '突发应急事件', '突发应急事件', 0, 1, '2025-09-23 21:00:45', '72b7624ee7c21868ba1b7668cf907a2f', '超级管理员', '2025-09-23 21:00:45', '72b7624ee7c21868ba1b7668cf907a2f', '超级管理员', 0, NULL);

INSERT INTO `auth_dict_type_project` (`adtp_id`, `dict_type_id`, `project_id`, `remark`, `create_date`, `create_user_id`, `create_user_name`, `update_date`, `update_user_id`, `update_user_name`, `delete_flag`) VALUES ('1136be40fe4e86d9c815b8fa3d871a62', 'e00c44a249ab714cec1f898dd42ed109', '9f0a8dc868c1da3383491306a497fb1c', NULL, '2025-09-23 20:58:41', '72b7624ee7c21868ba1b7668cf907a2f', '超级管理员', '2025-09-23 20:58:41', '72b7624ee7c21868ba1b7668cf907a2f', '超级管理员', 0);


INSERT INTO `auth_role_menu` (`arm_id`, `menu_id`, `role_id`, `project_id`, `remark`, `create_date`, `create_user_id`, `create_user_name`, `update_date`, `update_user_id`, `update_user_name`, `delete_flag`) VALUES ('04910d439e841fa75682396c7a462654', 'd58fa99cb43ffa81d1f77e79a03bd849', '2d0fb4174e9a106140a5793d2598ac00', '9f0a8dc868c1da3383491306a497fb1c', NULL, '2025-10-04 16:47:38', '72b7624ee7c21868ba1b7668cf907a2f', '超级管理员', '2025-10-04 16:47:38', '72b7624ee7c21868ba1b7668cf907a2f', '超级管理员', 0);
INSERT INTO `auth_role_menu` (`arm_id`, `menu_id`, `role_id`, `project_id`, `remark`, `create_date`, `create_user_id`, `create_user_name`, `update_date`, `update_user_id`, `update_user_name`, `delete_flag`) VALUES ('0649f6d1f4f6326d3897262bb9bf0c10', '8bc4ef91663125da94ccb916aa02471a', '2d0fb4174e9a106140a5793d2598ac00', '9f0a8dc868c1da3383491306a497fb1c', NULL, '2025-10-04 16:47:38', '72b7624ee7c21868ba1b7668cf907a2f', '超级管理员', '2025-10-04 16:47:38', '72b7624ee7c21868ba1b7668cf907a2f', '超级管理员', 0);
INSERT INTO `auth_role_menu` (`arm_id`, `menu_id`, `role_id`, `project_id`, `remark`, `create_date`, `create_user_id`, `create_user_name`, `update_date`, `update_user_id`, `update_user_name`, `delete_flag`) VALUES ('15547bfc60b808cd6c4da5b652387a61', '2e5f6c5bdc6ef81c03feb9c4d1536480', '2d0fb4174e9a106140a5793d2598ac00', '9f0a8dc868c1da3383491306a497fb1c', NULL, '2025-10-04 16:47:38', '72b7624ee7c21868ba1b7668cf907a2f', '超级管理员', '2025-10-04 16:47:38', '72b7624ee7c21868ba1b7668cf907a2f', '超级管理员', 0);
INSERT INTO `auth_role_menu` (`arm_id`, `menu_id`, `role_id`, `project_id`, `remark`, `create_date`, `create_user_id`, `create_user_name`, `update_date`, `update_user_id`, `update_user_name`, `delete_flag`) VALUES ('17434b474377a18feb185e3b5338eba3', '30ff216426fb0702688a872e80c1f564', '2d0fb4174e9a106140a5793d2598ac00', '9f0a8dc868c1da3383491306a497fb1c', NULL, '2025-10-04 16:47:38', '72b7624ee7c21868ba1b7668cf907a2f', '超级管理员', '2025-10-04 16:47:38', '72b7624ee7c21868ba1b7668cf907a2f', '超级管理员', 0);
INSERT INTO `auth_role_menu` (`arm_id`, `menu_id`, `role_id`, `project_id`, `remark`, `create_date`, `create_user_id`, `create_user_name`, `update_date`, `update_user_id`, `update_user_name`, `delete_flag`) VALUES ('2477a586bf46db2c942dc39cb4a7a041', '86071a82ca44180757cf6bce40c3215d', '2d0fb4174e9a106140a5793d2598ac00', '9f0a8dc868c1da3383491306a497fb1c', NULL, '2025-10-04 16:47:38', '72b7624ee7c21868ba1b7668cf907a2f', '超级管理员', '2025-10-04 16:47:38', '72b7624ee7c21868ba1b7668cf907a2f', '超级管理员', 0);
INSERT INTO `auth_role_menu` (`arm_id`, `menu_id`, `role_id`, `project_id`, `remark`, `create_date`, `create_user_id`, `create_user_name`, `update_date`, `update_user_id`, `update_user_name`, `delete_flag`) VALUES ('259808f2ce98bc087cc53f759d976d1a', '1cea59f6b889832a1bf3503fdcdcae86', '2d0fb4174e9a106140a5793d2598ac00', '9f0a8dc868c1da3383491306a497fb1c', NULL, '2025-10-04 16:47:38', '72b7624ee7c21868ba1b7668cf907a2f', '超级管理员', '2025-10-04 16:47:38', '72b7624ee7c21868ba1b7668cf907a2f', '超级管理员', 0);
INSERT INTO `auth_role_menu` (`arm_id`, `menu_id`, `role_id`, `project_id`, `remark`, `create_date`, `create_user_id`, `create_user_name`, `update_date`, `update_user_id`, `update_user_name`, `delete_flag`) VALUES ('286a5d781b5f0ee6749ab3912d6a1a36', 'ddff045093ed65707605f8cb7a01f9ce', '2d0fb4174e9a106140a5793d2598ac00', '9f0a8dc868c1da3383491306a497fb1c', NULL, '2025-10-04 16:47:38', '72b7624ee7c21868ba1b7668cf907a2f', '超级管理员', '2025-10-04 16:47:38', '72b7624ee7c21868ba1b7668cf907a2f', '超级管理员', 0);
INSERT INTO `auth_role_menu` (`arm_id`, `menu_id`, `role_id`, `project_id`, `remark`, `create_date`, `create_user_id`, `create_user_name`, `update_date`, `update_user_id`, `update_user_name`, `delete_flag`) VALUES ('2de53708d3d4477628ff526adfebe214', '8bcf3ad785c598a8c831fc20885718da', '2d0fb4174e9a106140a5793d2598ac00', '9f0a8dc868c1da3383491306a497fb1c', NULL, '2025-10-04 16:47:38', '72b7624ee7c21868ba1b7668cf907a2f', '超级管理员', '2025-10-04 16:47:38', '72b7624ee7c21868ba1b7668cf907a2f', '超级管理员', 0);
INSERT INTO `auth_role_menu` (`arm_id`, `menu_id`, `role_id`, `project_id`, `remark`, `create_date`, `create_user_id`, `create_user_name`, `update_date`, `update_user_id`, `update_user_name`, `delete_flag`) VALUES ('48dcaa709c54e6dccee8ff39957e6a17', 'c2fd511cf770664090f9722ccf7e399d', '2d0fb4174e9a106140a5793d2598ac00', '9f0a8dc868c1da3383491306a497fb1c', NULL, '2025-10-04 16:47:38', '72b7624ee7c21868ba1b7668cf907a2f', '超级管理员', '2025-10-04 16:47:38', '72b7624ee7c21868ba1b7668cf907a2f', '超级管理员', 0);
INSERT INTO `auth_role_menu` (`arm_id`, `menu_id`, `role_id`, `project_id`, `remark`, `create_date`, `create_user_id`, `create_user_name`, `update_date`, `update_user_id`, `update_user_name`, `delete_flag`) VALUES ('54a837373754c8519e0f645aa4ad47f2', '02bcb72b1f781990a740548b6ae471be', '2d0fb4174e9a106140a5793d2598ac00', '9f0a8dc868c1da3383491306a497fb1c', NULL, '2025-10-04 16:47:38', '72b7624ee7c21868ba1b7668cf907a2f', '超级管理员', '2025-10-04 16:47:38', '72b7624ee7c21868ba1b7668cf907a2f', '超级管理员', 0);
INSERT INTO `auth_role_menu` (`arm_id`, `menu_id`, `role_id`, `project_id`, `remark`, `create_date`, `create_user_id`, `create_user_name`, `update_date`, `update_user_id`, `update_user_name`, `delete_flag`) VALUES ('68ac5b9b8aee5c8424e04cc85c838b8d', 'a1515f765744d38b618dd1830c94e304', '2d0fb4174e9a106140a5793d2598ac00', '9f0a8dc868c1da3383491306a497fb1c', NULL, '2025-10-04 16:47:38', '72b7624ee7c21868ba1b7668cf907a2f', '超级管理员', '2025-10-04 16:47:38', '72b7624ee7c21868ba1b7668cf907a2f', '超级管理员', 0);
INSERT INTO `auth_role_menu` (`arm_id`, `menu_id`, `role_id`, `project_id`, `remark`, `create_date`, `create_user_id`, `create_user_name`, `update_date`, `update_user_id`, `update_user_name`, `delete_flag`) VALUES ('774f01d74eed262cf6ac1ff5903fb332', 'c1d6ea67e32c5a8840b3fad0d82d913b', '2d0fb4174e9a106140a5793d2598ac00', '9f0a8dc868c1da3383491306a497fb1c', NULL, '2025-10-04 16:47:38', '72b7624ee7c21868ba1b7668cf907a2f', '超级管理员', '2025-10-04 16:47:38', '72b7624ee7c21868ba1b7668cf907a2f', '超级管理员', 0);
INSERT INTO `auth_role_menu` (`arm_id`, `menu_id`, `role_id`, `project_id`, `remark`, `create_date`, `create_user_id`, `create_user_name`, `update_date`, `update_user_id`, `update_user_name`, `delete_flag`) VALUES ('88ef5238e5e6242e1d532d9de397a42b', '91b4646bc7300da5dc45d5b8df9a538d', '2d0fb4174e9a106140a5793d2598ac00', '9f0a8dc868c1da3383491306a497fb1c', NULL, '2025-10-04 16:47:38', '72b7624ee7c21868ba1b7668cf907a2f', '超级管理员', '2025-10-04 16:47:38', '72b7624ee7c21868ba1b7668cf907a2f', '超级管理员', 0);
INSERT INTO `auth_role_menu` (`arm_id`, `menu_id`, `role_id`, `project_id`, `remark`, `create_date`, `create_user_id`, `create_user_name`, `update_date`, `update_user_id`, `update_user_name`, `delete_flag`) VALUES ('98d96ca00b83a34bfe3ec4bd69f0c24f', 'fdd6a1249f53bb6b26362ac392ff9417', '2d0fb4174e9a106140a5793d2598ac00', '9f0a8dc868c1da3383491306a497fb1c', NULL, '2025-10-04 16:47:38', '72b7624ee7c21868ba1b7668cf907a2f', '超级管理员', '2025-10-04 16:47:38', '72b7624ee7c21868ba1b7668cf907a2f', '超级管理员', 0);
INSERT INTO `auth_role_menu` (`arm_id`, `menu_id`, `role_id`, `project_id`, `remark`, `create_date`, `create_user_id`, `create_user_name`, `update_date`, `update_user_id`, `update_user_name`, `delete_flag`) VALUES ('a7beba297a9f4bc00f72c7c1a0f13ce4', '3fd1832b0d3f41a2a0c0c14ad4702cc3', '2d0fb4174e9a106140a5793d2598ac00', '9f0a8dc868c1da3383491306a497fb1c', NULL, '2025-10-04 16:47:38', '72b7624ee7c21868ba1b7668cf907a2f', '超级管理员', '2025-10-04 16:47:38', '72b7624ee7c21868ba1b7668cf907a2f', '超级管理员', 0);
INSERT INTO `auth_role_menu` (`arm_id`, `menu_id`, `role_id`, `project_id`, `remark`, `create_date`, `create_user_id`, `create_user_name`, `update_date`, `update_user_id`, `update_user_name`, `delete_flag`) VALUES ('a9f47d064eff1f783107cd9d75c746e9', '4b39cebcbe5963e0769d86f5f2af92b1', '2d0fb4174e9a106140a5793d2598ac00', '9f0a8dc868c1da3383491306a497fb1c', NULL, '2025-10-04 16:47:38', '72b7624ee7c21868ba1b7668cf907a2f', '超级管理员', '2025-10-04 16:47:38', '72b7624ee7c21868ba1b7668cf907a2f', '超级管理员', 0);
INSERT INTO `auth_role_menu` (`arm_id`, `menu_id`, `role_id`, `project_id`, `remark`, `create_date`, `create_user_id`, `create_user_name`, `update_date`, `update_user_id`, `update_user_name`, `delete_flag`) VALUES ('cdcd2301311f2ad68865444751629428', '215deb140ed200954cb14cef21cd8d87', '2d0fb4174e9a106140a5793d2598ac00', '9f0a8dc868c1da3383491306a497fb1c', NULL, '2025-10-04 16:47:38', '72b7624ee7c21868ba1b7668cf907a2f', '超级管理员', '2025-10-04 16:47:38', '72b7624ee7c21868ba1b7668cf907a2f', '超级管理员', 0);
INSERT INTO `auth_role_menu` (`arm_id`, `menu_id`, `role_id`, `project_id`, `remark`, `create_date`, `create_user_id`, `create_user_name`, `update_date`, `update_user_id`, `update_user_name`, `delete_flag`) VALUES ('d59219750097a34f25d2b27a86d188f0', 'ef4913ad2b01c08ad74bfa1132f5808c', '2d0fb4174e9a106140a5793d2598ac00', '9f0a8dc868c1da3383491306a497fb1c', NULL, '2025-10-04 16:47:38', '72b7624ee7c21868ba1b7668cf907a2f', '超级管理员', '2025-10-04 16:47:38', '72b7624ee7c21868ba1b7668cf907a2f', '超级管理员', 0);
INSERT INTO `auth_role_menu` (`arm_id`, `menu_id`, `role_id`, `project_id`, `remark`, `create_date`, `create_user_id`, `create_user_name`, `update_date`, `update_user_id`, `update_user_name`, `delete_flag`) VALUES ('e6b1f60c3c71d4dd34f761566cf9bf5c', '82109a1afcc9ccb6591199689c516057', '2d0fb4174e9a106140a5793d2598ac00', '9f0a8dc868c1da3383491306a497fb1c', NULL, '2025-10-04 16:47:38', '72b7624ee7c21868ba1b7668cf907a2f', '超级管理员', '2025-10-04 16:47:38', '72b7624ee7c21868ba1b7668cf907a2f', '超级管理员', 0);
INSERT INTO `auth_role_menu` (`arm_id`, `menu_id`, `role_id`, `project_id`, `remark`, `create_date`, `create_user_id`, `create_user_name`, `update_date`, `update_user_id`, `update_user_name`, `delete_flag`) VALUES ('e6ece61bcbc7e0c30270b34be14f3da8', 'fc0f788a55b40d44f9dd9fa4919f7dba', '2d0fb4174e9a106140a5793d2598ac00', '9f0a8dc868c1da3383491306a497fb1c', NULL, '2025-10-04 16:47:38', '72b7624ee7c21868ba1b7668cf907a2f', '超级管理员', '2025-10-04 16:47:38', '72b7624ee7c21868ba1b7668cf907a2f', '超级管理员', 0);
INSERT INTO `auth_role_menu` (`arm_id`, `menu_id`, `role_id`, `project_id`, `remark`, `create_date`, `create_user_id`, `create_user_name`, `update_date`, `update_user_id`, `update_user_name`, `delete_flag`) VALUES ('fa1ff37b12e198088dd55ed6d3f68a42', '1272daa5654fde69252432b64722b1ac', '2d0fb4174e9a106140a5793d2598ac00', '9f0a8dc868c1da3383491306a497fb1c', NULL, '2025-10-04 16:47:38', '72b7624ee7c21868ba1b7668cf907a2f', '超级管理员', '2025-10-04 16:47:38', '72b7624ee7c21868ba1b7668cf907a2f', '超级管理员', 0);



INSERT INTO `auth_menu` (`menu_id`, `parent_id`, `project_id`, `ancestors`, `menu_name`, `route_name`, `route_path`, `route_component`, `sort`, `frame_status`, `menu_type`, `perms`, `icon`, `visible`, `is_enable`, `is_cache`, `remark`, `create_date`, `create_user_id`, `create_user_name`, `update_date`, `update_user_id`, `update_user_name`, `delete_flag`) VALUES ('02bcb72b1f781990a740548b6ae471be', '82109a1afcc9ccb6591199689c516057', '9f0a8dc868c1da3383491306a497fb1c', '0,8bc4ef91663125da94ccb916aa02471a,82109a1afcc9ccb6591199689c516057', '批量删除月报', NULL, NULL, NULL, 6, 1, 'B', 'week:monthly:report:batch:remove', NULL, 1, 1, 0, NULL, '2025-08-20 16:05:53', '72b7624ee7c21868ba1b7668cf907a2f', '超级管理员', '2025-10-04 16:37:09', '72b7624ee7c21868ba1b7668cf907a2f', '超级管理员', 0);
INSERT INTO `auth_menu` (`menu_id`, `parent_id`, `project_id`, `ancestors`, `menu_name`, `route_name`, `route_path`, `route_component`, `sort`, `frame_status`, `menu_type`, `perms`, `icon`, `visible`, `is_enable`, `is_cache`, `remark`, `create_date`, `create_user_id`, `create_user_name`, `update_date`, `update_user_id`, `update_user_name`, `delete_flag`) VALUES ('1272daa5654fde69252432b64722b1ac', '0', '9f0a8dc868c1da3383491306a497fb1c', '0', '帮忙点个Star呗', 'Star', 'Star', 'https://gitee.com/open_project_lp/yipeng', 21, 3, 'C', NULL, 'ep:star-filled', 1, 1, 0, NULL, '2025-10-04 16:36:29', '72b7624ee7c21868ba1b7668cf907a2f', '超级管理员', '2025-10-04 16:38:13', '72b7624ee7c21868ba1b7668cf907a2f', '超级管理员', 0);
INSERT INTO `auth_menu` (`menu_id`, `parent_id`, `project_id`, `ancestors`, `menu_name`, `route_name`, `route_path`, `route_component`, `sort`, `frame_status`, `menu_type`, `perms`, `icon`, `visible`, `is_enable`, `is_cache`, `remark`, `create_date`, `create_user_id`, `create_user_name`, `update_date`, `update_user_id`, `update_user_name`, `delete_flag`) VALUES ('1cea59f6b889832a1bf3503fdcdcae86', 'ddff045093ed65707605f8cb7a01f9ce', '9f0a8dc868c1da3383491306a497fb1c', '0,ddff045093ed65707605f8cb7a01f9ce', '移动设置月计划状态', NULL, NULL, NULL, 20, 1, 'B', 'week:monthly:report:update:move:status', NULL, 1, 1, 0, NULL, '2025-10-01 20:27:11', '72b7624ee7c21868ba1b7668cf907a2f', '超级管理员', '2025-10-04 16:37:09', '72b7624ee7c21868ba1b7668cf907a2f', '超级管理员', 0);
INSERT INTO `auth_menu` (`menu_id`, `parent_id`, `project_id`, `ancestors`, `menu_name`, `route_name`, `route_path`, `route_component`, `sort`, `frame_status`, `menu_type`, `perms`, `icon`, `visible`, `is_enable`, `is_cache`, `remark`, `create_date`, `create_user_id`, `create_user_name`, `update_date`, `update_user_id`, `update_user_name`, `delete_flag`) VALUES ('215deb140ed200954cb14cef21cd8d87', 'c1d6ea67e32c5a8840b3fad0d82d913b', '9f0a8dc868c1da3383491306a497fb1c', '0,c1d6ea67e32c5a8840b3fad0d82d913b', '删除周计划', NULL, NULL, NULL, 14, 1, 'B', 'week:weekly:palan:remove', NULL, 1, 1, 0, NULL, '2025-09-21 19:35:08', '72b7624ee7c21868ba1b7668cf907a2f', '超级管理员', '2025-10-04 16:37:09', '72b7624ee7c21868ba1b7668cf907a2f', '超级管理员', 0);
INSERT INTO `auth_menu` (`menu_id`, `parent_id`, `project_id`, `ancestors`, `menu_name`, `route_name`, `route_path`, `route_component`, `sort`, `frame_status`, `menu_type`, `perms`, `icon`, `visible`, `is_enable`, `is_cache`, `remark`, `create_date`, `create_user_id`, `create_user_name`, `update_date`, `update_user_id`, `update_user_name`, `delete_flag`) VALUES ('2e5f6c5bdc6ef81c03feb9c4d1536480', 'c1d6ea67e32c5a8840b3fad0d82d913b', '9f0a8dc868c1da3383491306a497fb1c', '0,c1d6ea67e32c5a8840b3fad0d82d913b', '查询周计划详情', NULL, NULL, NULL, 12, 1, 'B', 'week:weekly:palan:details', NULL, 1, 1, 0, NULL, '2025-09-21 19:33:37', '72b7624ee7c21868ba1b7668cf907a2f', '超级管理员', '2025-10-04 16:37:09', '72b7624ee7c21868ba1b7668cf907a2f', '超级管理员', 0);
INSERT INTO `auth_menu` (`menu_id`, `parent_id`, `project_id`, `ancestors`, `menu_name`, `route_name`, `route_path`, `route_component`, `sort`, `frame_status`, `menu_type`, `perms`, `icon`, `visible`, `is_enable`, `is_cache`, `remark`, `create_date`, `create_user_id`, `create_user_name`, `update_date`, `update_user_id`, `update_user_name`, `delete_flag`) VALUES ('30ff216426fb0702688a872e80c1f564', '82109a1afcc9ccb6591199689c516057', '9f0a8dc868c1da3383491306a497fb1c', '0,8bc4ef91663125da94ccb916aa02471a,82109a1afcc9ccb6591199689c516057', '新增月报', NULL, NULL, NULL, 3, 1, 'B', 'week:monthly:report:save', NULL, 1, 1, 0, NULL, '2025-08-20 16:05:53', '72b7624ee7c21868ba1b7668cf907a2f', '超级管理员', '2025-10-04 16:37:09', '72b7624ee7c21868ba1b7668cf907a2f', '超级管理员', 0);
INSERT INTO `auth_menu` (`menu_id`, `parent_id`, `project_id`, `ancestors`, `menu_name`, `route_name`, `route_path`, `route_component`, `sort`, `frame_status`, `menu_type`, `perms`, `icon`, `visible`, `is_enable`, `is_cache`, `remark`, `create_date`, `create_user_id`, `create_user_name`, `update_date`, `update_user_id`, `update_user_name`, `delete_flag`) VALUES ('3fd1832b0d3f41a2a0c0c14ad4702cc3', '82109a1afcc9ccb6591199689c516057', '9f0a8dc868c1da3383491306a497fb1c', '0,8bc4ef91663125da94ccb916aa02471a,82109a1afcc9ccb6591199689c516057', '查询月报详情', NULL, NULL, NULL, 5, 1, 'B', 'week:monthly:report:details', NULL, 1, 1, 0, NULL, '2025-08-20 16:05:53', '72b7624ee7c21868ba1b7668cf907a2f', '超级管理员', '2025-10-04 16:37:09', '72b7624ee7c21868ba1b7668cf907a2f', '超级管理员', 0);
INSERT INTO `auth_menu` (`menu_id`, `parent_id`, `project_id`, `ancestors`, `menu_name`, `route_name`, `route_path`, `route_component`, `sort`, `frame_status`, `menu_type`, `perms`, `icon`, `visible`, `is_enable`, `is_cache`, `remark`, `create_date`, `create_user_id`, `create_user_name`, `update_date`, `update_user_id`, `update_user_name`, `delete_flag`) VALUES ('4b39cebcbe5963e0769d86f5f2af92b1', 'ef4913ad2b01c08ad74bfa1132f5808c', '9f0a8dc868c1da3383491306a497fb1c', '0,ef4913ad2b01c08ad74bfa1132f5808c', '移动周计划', NULL, NULL, NULL, 17, 1, 'B', 'week:weekly:palan:update:move', NULL, 1, 1, 0, NULL, '2025-09-28 10:09:17', '72b7624ee7c21868ba1b7668cf907a2f', '超级管理员', '2025-10-04 16:37:09', '72b7624ee7c21868ba1b7668cf907a2f', '超级管理员', 0);
INSERT INTO `auth_menu` (`menu_id`, `parent_id`, `project_id`, `ancestors`, `menu_name`, `route_name`, `route_path`, `route_component`, `sort`, `frame_status`, `menu_type`, `perms`, `icon`, `visible`, `is_enable`, `is_cache`, `remark`, `create_date`, `create_user_id`, `create_user_name`, `update_date`, `update_user_id`, `update_user_name`, `delete_flag`) VALUES ('82109a1afcc9ccb6591199689c516057', '8bc4ef91663125da94ccb916aa02471a', '9f0a8dc868c1da3383491306a497fb1c', '0,8bc4ef91663125da94ccb916aa02471a', '部门月计划', 'MonthlyPlanReport', 'monthlyPlan/monthlyReport', 'views/monthlyPlan/monthlyReport.vue', 2, 1, 'C', 'week:monthly:report:page:list', 'fa-solid:calendar-alt', 1, 1, 0, NULL, '2025-08-20 16:05:53', '72b7624ee7c21868ba1b7668cf907a2f', '超级管理员', '2025-10-04 16:37:09', '72b7624ee7c21868ba1b7668cf907a2f', '超级管理员', 0);
INSERT INTO `auth_menu` (`menu_id`, `parent_id`, `project_id`, `ancestors`, `menu_name`, `route_name`, `route_path`, `route_component`, `sort`, `frame_status`, `menu_type`, `perms`, `icon`, `visible`, `is_enable`, `is_cache`, `remark`, `create_date`, `create_user_id`, `create_user_name`, `update_date`, `update_user_id`, `update_user_name`, `delete_flag`) VALUES ('86071a82ca44180757cf6bce40c3215d', 'ddff045093ed65707605f8cb7a01f9ce', '9f0a8dc868c1da3383491306a497fb1c', '0,ddff045093ed65707605f8cb7a01f9ce', '查询月月计划下的周计划', NULL, NULL, NULL, 19, 1, 'B', 'week:weekly:palan:list', NULL, 1, 1, 0, NULL, '2025-09-30 20:34:22', '72b7624ee7c21868ba1b7668cf907a2f', '超级管理员', '2025-10-04 16:37:09', '72b7624ee7c21868ba1b7668cf907a2f', '超级管理员', 0);
INSERT INTO `auth_menu` (`menu_id`, `parent_id`, `project_id`, `ancestors`, `menu_name`, `route_name`, `route_path`, `route_component`, `sort`, `frame_status`, `menu_type`, `perms`, `icon`, `visible`, `is_enable`, `is_cache`, `remark`, `create_date`, `create_user_id`, `create_user_name`, `update_date`, `update_user_id`, `update_user_name`, `delete_flag`) VALUES ('8bc4ef91663125da94ccb916aa02471a', '0', '9f0a8dc868c1da3383491306a497fb1c', '0', '月计划', NULL, 'monthlyPlan', NULL, 1, 1, 'M', NULL, 'fa-solid:money-check', 1, 1, 0, NULL, '2025-08-20 16:05:53', '72b7624ee7c21868ba1b7668cf907a2f', '超级管理员', '2025-10-04 16:37:09', '72b7624ee7c21868ba1b7668cf907a2f', '超级管理员', 0);
INSERT INTO `auth_menu` (`menu_id`, `parent_id`, `project_id`, `ancestors`, `menu_name`, `route_name`, `route_path`, `route_component`, `sort`, `frame_status`, `menu_type`, `perms`, `icon`, `visible`, `is_enable`, `is_cache`, `remark`, `create_date`, `create_user_id`, `create_user_name`, `update_date`, `update_user_id`, `update_user_name`, `delete_flag`) VALUES ('8bcf3ad785c598a8c831fc20885718da', '82109a1afcc9ccb6591199689c516057', '9f0a8dc868c1da3383491306a497fb1c', '0,8bc4ef91663125da94ccb916aa02471a,82109a1afcc9ccb6591199689c516057', '修改月报', NULL, NULL, NULL, 4, 1, 'B', 'week:monthly:report:update', NULL, 1, 1, 0, NULL, '2025-08-20 16:05:53', '72b7624ee7c21868ba1b7668cf907a2f', '超级管理员', '2025-10-04 16:37:09', '72b7624ee7c21868ba1b7668cf907a2f', '超级管理员', 0);
INSERT INTO `auth_menu` (`menu_id`, `parent_id`, `project_id`, `ancestors`, `menu_name`, `route_name`, `route_path`, `route_component`, `sort`, `frame_status`, `menu_type`, `perms`, `icon`, `visible`, `is_enable`, `is_cache`, `remark`, `create_date`, `create_user_id`, `create_user_name`, `update_date`, `update_user_id`, `update_user_name`, `delete_flag`) VALUES ('91b4646bc7300da5dc45d5b8df9a538d', 'c2fd511cf770664090f9722ccf7e399d', '9f0a8dc868c1da3383491306a497fb1c', '0,8bc4ef91663125da94ccb916aa02471a,c2fd511cf770664090f9722ccf7e399d', '月计划批量审核', NULL, NULL, NULL, 9, 1, 'B', 'week:monthly:review:batch:submit', NULL, 1, 1, 0, NULL, '2025-08-20 16:05:53', '72b7624ee7c21868ba1b7668cf907a2f', '超级管理员', '2025-10-04 16:37:09', '72b7624ee7c21868ba1b7668cf907a2f', '超级管理员', 0);
INSERT INTO `auth_menu` (`menu_id`, `parent_id`, `project_id`, `ancestors`, `menu_name`, `route_name`, `route_path`, `route_component`, `sort`, `frame_status`, `menu_type`, `perms`, `icon`, `visible`, `is_enable`, `is_cache`, `remark`, `create_date`, `create_user_id`, `create_user_name`, `update_date`, `update_user_id`, `update_user_name`, `delete_flag`) VALUES ('a1515f765744d38b618dd1830c94e304', 'c1d6ea67e32c5a8840b3fad0d82d913b', '9f0a8dc868c1da3383491306a497fb1c', '0,c1d6ea67e32c5a8840b3fad0d82d913b', '修改周计划', NULL, NULL, NULL, 13, 1, 'B', 'week:weekly:palan:update', NULL, 1, 1, 0, NULL, '2025-09-21 19:34:07', '72b7624ee7c21868ba1b7668cf907a2f', '超级管理员', '2025-10-04 16:37:09', '72b7624ee7c21868ba1b7668cf907a2f', '超级管理员', 0);
INSERT INTO `auth_menu` (`menu_id`, `parent_id`, `project_id`, `ancestors`, `menu_name`, `route_name`, `route_path`, `route_component`, `sort`, `frame_status`, `menu_type`, `perms`, `icon`, `visible`, `is_enable`, `is_cache`, `remark`, `create_date`, `create_user_id`, `create_user_name`, `update_date`, `update_user_id`, `update_user_name`, `delete_flag`) VALUES ('c1d6ea67e32c5a8840b3fad0d82d913b', '0', '9f0a8dc868c1da3383491306a497fb1c', '0', '周计划拆分', 'WeeklyPlanReport', 'weeklyPlan/weeklyPlanReport', 'views/weeklyPlan/weeklyPlanReport.vue', 10, 1, 'C', 'week:weekly:palan:my:list', 'fa-solid:calendar-alt', 1, 1, 0, NULL, '2025-08-20 16:05:53', '72b7624ee7c21868ba1b7668cf907a2f', '超级管理员', '2025-10-04 16:37:09', '72b7624ee7c21868ba1b7668cf907a2f', '超级管理员', 0);
INSERT INTO `auth_menu` (`menu_id`, `parent_id`, `project_id`, `ancestors`, `menu_name`, `route_name`, `route_path`, `route_component`, `sort`, `frame_status`, `menu_type`, `perms`, `icon`, `visible`, `is_enable`, `is_cache`, `remark`, `create_date`, `create_user_id`, `create_user_name`, `update_date`, `update_user_id`, `update_user_name`, `delete_flag`) VALUES ('c2fd511cf770664090f9722ccf7e399d', '8bc4ef91663125da94ccb916aa02471a', '9f0a8dc868c1da3383491306a497fb1c', '0,8bc4ef91663125da94ccb916aa02471a', '月计划审核', 'MonthlyPlanReview', 'monthlyPlan/monthlyReview', 'views/monthlyPlan/monthlyReview.vue', 8, 1, 'C', 'week:monthly:review:page:list', 'fa-solid:chalkboard-teacher', 1, 1, 0, NULL, '2025-08-20 16:05:53', '72b7624ee7c21868ba1b7668cf907a2f', '超级管理员', '2025-10-04 16:37:09', '72b7624ee7c21868ba1b7668cf907a2f', '超级管理员', 0);
INSERT INTO `auth_menu` (`menu_id`, `parent_id`, `project_id`, `ancestors`, `menu_name`, `route_name`, `route_path`, `route_component`, `sort`, `frame_status`, `menu_type`, `perms`, `icon`, `visible`, `is_enable`, `is_cache`, `remark`, `create_date`, `create_user_id`, `create_user_name`, `update_date`, `update_user_id`, `update_user_name`, `delete_flag`) VALUES ('d58fa99cb43ffa81d1f77e79a03bd849', 'c1d6ea67e32c5a8840b3fad0d82d913b', '9f0a8dc868c1da3383491306a497fb1c', '0,c1d6ea67e32c5a8840b3fad0d82d913b', '新增周计划', NULL, NULL, NULL, 11, 1, 'B', 'week:weekly:palan:save', NULL, 1, 1, 0, NULL, '2025-09-21 11:31:39', '72b7624ee7c21868ba1b7668cf907a2f', '超级管理员', '2025-10-04 16:37:09', '72b7624ee7c21868ba1b7668cf907a2f', '超级管理员', 0);
INSERT INTO `auth_menu` (`menu_id`, `parent_id`, `project_id`, `ancestors`, `menu_name`, `route_name`, `route_path`, `route_component`, `sort`, `frame_status`, `menu_type`, `perms`, `icon`, `visible`, `is_enable`, `is_cache`, `remark`, `create_date`, `create_user_id`, `create_user_name`, `update_date`, `update_user_id`, `update_user_name`, `delete_flag`) VALUES ('ddff045093ed65707605f8cb7a01f9ce', '0', '9f0a8dc868c1da3383491306a497fb1c', '0', '月计划看板', 'PlanMonthlyBoard', 'monthlyPlan/monthlyPlanBoard', 'views/monthlyPlan/monthlyPlanBoard.vue', 18, 1, 'C', 'week:monthly:report:list:group:status', 'fa-solid:chalkboard', 1, 1, 0, NULL, '2025-08-20 16:05:53', '72b7624ee7c21868ba1b7668cf907a2f', '超级管理员', '2025-10-04 16:37:09', '72b7624ee7c21868ba1b7668cf907a2f', '超级管理员', 0);
INSERT INTO `auth_menu` (`menu_id`, `parent_id`, `project_id`, `ancestors`, `menu_name`, `route_name`, `route_path`, `route_component`, `sort`, `frame_status`, `menu_type`, `perms`, `icon`, `visible`, `is_enable`, `is_cache`, `remark`, `create_date`, `create_user_id`, `create_user_name`, `update_date`, `update_user_id`, `update_user_name`, `delete_flag`) VALUES ('ef4913ad2b01c08ad74bfa1132f5808c', '0', '9f0a8dc868c1da3383491306a497fb1c', '0', '个人看板', 'PlanWeeklyBoard', 'weeklyPlan/weeklyPlanBoard', 'views/weeklyPlan/weeklyPlanBoard.vue', 16, 1, 'C', 'week:weekly:palan:my:list:status', 'fa-solid:chalkboard-teacher', 1, 1, 0, NULL, '2025-08-20 16:05:53', '72b7624ee7c21868ba1b7668cf907a2f', '超级管理员', '2025-10-04 16:37:09', '72b7624ee7c21868ba1b7668cf907a2f', '超级管理员', 0);
INSERT INTO `auth_menu` (`menu_id`, `parent_id`, `project_id`, `ancestors`, `menu_name`, `route_name`, `route_path`, `route_component`, `sort`, `frame_status`, `menu_type`, `perms`, `icon`, `visible`, `is_enable`, `is_cache`, `remark`, `create_date`, `create_user_id`, `create_user_name`, `update_date`, `update_user_id`, `update_user_name`, `delete_flag`) VALUES ('fc0f788a55b40d44f9dd9fa4919f7dba', 'c1d6ea67e32c5a8840b3fad0d82d913b', '9f0a8dc868c1da3383491306a497fb1c', '0,c1d6ea67e32c5a8840b3fad0d82d913b', '废弃周计划', NULL, NULL, NULL, 15, 1, 'B', 'week:weekly:palan:discard', NULL, 1, 1, 0, NULL, '2025-09-21 19:35:32', '72b7624ee7c21868ba1b7668cf907a2f', '超级管理员', '2025-10-04 16:37:09', '72b7624ee7c21868ba1b7668cf907a2f', '超级管理员', 0);
INSERT INTO `auth_menu` (`menu_id`, `parent_id`, `project_id`, `ancestors`, `menu_name`, `route_name`, `route_path`, `route_component`, `sort`, `frame_status`, `menu_type`, `perms`, `icon`, `visible`, `is_enable`, `is_cache`, `remark`, `create_date`, `create_user_id`, `create_user_name`, `update_date`, `update_user_id`, `update_user_name`, `delete_flag`) VALUES ('fdd6a1249f53bb6b26362ac392ff9417', '82109a1afcc9ccb6591199689c516057', '9f0a8dc868c1da3383491306a497fb1c', '0,8bc4ef91663125da94ccb916aa02471a,82109a1afcc9ccb6591199689c516057', '提交审核', NULL, NULL, NULL, 7, 1, 'B', 'week:monthly:report:submit:review', NULL, 1, 1, 0, NULL, '2025-08-20 16:05:53', '72b7624ee7c21868ba1b7668cf907a2f', '超级管理员', '2025-10-04 16:37:09', '72b7624ee7c21868ba1b7668cf907a2f', '超级管理员', 0);
